url,title,board,date,date_parsed,views,content,keyword,validity
https://theqoo.net/total/2636704085?_filter=search&search_target=title_content&search_keyword=%EC%82%AC%EC%A3%BC+%EC%96%B4%ED%94%8C&page=13,인프피 고백합니다,일상토크,22.11.13,2022-11-13,167,"저번에 더쿠에서 사주플일때 사주 어플에 현질했습니다...
너무 궁금했습니다...! 재밌었습니다...!",사주 어플,1
https://theqoo.net/total/1428902545?_filter=search&search_target=title_content&search_keyword=%EC%82%AC%EC%A3%BC+%EC%96%B4%ED%94%8C&page=20,시작 안 할 덬은 안 할 거 알아서 쪄온 그 드라마 ❤365💜 축약본 (1),스퀘어,20.05.22,2020-05-22,3973,"↓
https://www.youtube.com/watch?v=LtTPvfYkqhA
bgm : 샤이니 - Spoiler
(재생하는 용도 아님ㅋㅋㅋㅋㅋㅋㅋㅋ 그냥 웃자고 올렸다)
브금만 봐도 알 수 있듯이 당연히
중요 스포 포함
.!!!!
정주행 시 재미를 해칠 수 있는
중요한 부분이다 싶으면
언제고
샤이니
가 나와서 경고를 할 것임
* * *
​
마강서 존잘 경사
지형주
.
​
​
​
​
액션도 잘하고 피지컬도 잘하고 얼굴도 존나 잘하는 남자인데
​
​
실상은 그냥
웹툰 <히든킬러>
오타쿠....
존잘님
마루
작가 싸인 받으려고 고딩이랑 달리기 싸움까지 하지만 범인 잡느라 늦어서 칼같이 컷 당한다ㅠㅠ
​
평소에는 걍 맨투맨 니트 쪼가리에 패딩이나 걸치고 다니는 새럼인데
존잘님 싸인회 간다고 쓰리피트 챙겨입는 남자ㅋㅋㅋㅋㅋㅋㅋㅋㅋㅋㅋㅋㅋㅋㅋㅋㅋㅋㅋㅋ
​
암튼 결국 싸인 못 받고 꼬시랑거리면서 마강서로 복귀해서
파트너 형인
박선호
랑 티격태격 하는 형주
​
​
​
꿀꿀한 기분으로 집에 돌아가는 길,
그를 반겨준 것은 그가 7년 전 잡아 넣은 범인
오명철
.
​
만기 출소를 했는데 그 사이 뇌에 병이 생겨 3개월 시한부를 선고 받았음..
그에 대한 복수심으로 판사, 검사 다 죽이고 마지막으로 지형주를 노리러 옴.
​
​
""근데 누가 그러대? 그냥 죽여버리는 건 너무 쉽게 끝내는 거라고.
죽을 때까지 고통 속에서 살게 해야지! 그게 진짜 복수라고!""
​
​
그러고는 형주의 다리에 총을 쏴버린다..
​
""내가 이 총 누구한테 빌렸을까?
……
내가 집에
선물 하나
갖다 놨거든?""
​
​
​
피가 철철 흐르는 다리를 부여잡고 향한 집에서
형주는 이미 죽은 선호의 시체를 발견함....
​
이 일에 대한 트라우마로 형사 일을 쉬게 되는 형주.
​
​
​
​
그리고 1년 후.
​
​
​
​
형주와 비슷한 시기에,
신가현
역시 뺑소니 사고로 다리를 다쳐 휠체어 신세를 지고 있는 중이었다.
​
​
​
넘나 처량한 가현이ㅠㅠㅠㅠㅠㅠㅠ
참고로 저기 보이는 두 사람은 가현의 약혼자 우진과 어시이자 친구인 주영.
​
​
자격지심과 자존심에 약혼도 파토내고
친구에게 모진 말까지 해버린 뒤 혼자 남아 울고 있는 우리 가현이ㅠㅠㅠㅠㅠ
하필 애지중지 키우던 댕댕이 마루도 잃어버린 뒤 극심한 우울감에 시달리고 있는 중ㅠㅠㅠ
​
​
​
그렇게 형주와 가현은
각자의 자리에서 각자의 사정으로 슬픔에 잠긴
2020년 1월
을 보내는 중이었는데....
​
​
형사 일도 쉬고, 보호소에서 줍줍한 댕댕이
마루
랑
별 거 없는 나날을 보내고 있던 형주에게 의문의 전화가 걸려온다.
​
""내일 오전 11시 34분,
부산발 서울행 KTX738호가
탈선
됩니다.""
..
​
""탑승객 387명 중 2명이 사망하고, 58명이 부상을 입습니다.""
​
그러고는 나중에 다시 통화하자며 끊긴 전화.
​
​
​
그리고 다음날.
​
​
​
​
​
​
술에 쩔어 잠이 들었던 형주는 뉴스 소음에 눈을 뜨는데,
​
​
""부산을 출발해 서울로 향하던 KTX 738호가
탈선
해,
부상자들이 인근 대전 병원으로 이송되고 있습니다.""
​
​
​
뭐여 시방 이게?
​
형주가 마저 놀라기도 전, 또다시 걸려오는 전화.
​
​
​
​
어떻게 알았느냐고, 혹시 당신이 벌인 사고냐고 묻는 형주에게 여자는 대답한다.
​
​
""특별한 능력이 아니라,
특별한 경험
을 했을 뿐입니다.
정해진 날짜가 되면
과거
로 돌아가,
인생을 다시 시작
하는 거죠.
열차 사고는 제가 이미 접했던 뉴스이기 때문에 알 수 있었던 거고요.""
​
​
""이걸.. 나한테 알려주는 이유가 뭡니까?""
​
​
.
.
.
""저와 함께
과거로 갈 수 있는 기회
를 드리죠.
관심 있으시면 이번주 토요일에 뵙겠습니다.""
​
​
* * *
​
다소간 얼빵한 상태로 전화 속 여자가 말한 장소,
지안원
으로 향하는 형주
​
​
​
​
​
​
거기에서 가현과 처음으로 마주함.
가현도 그와 마찬가지로 리셋을 하기 위해 지안원에 모였음..
​
난생 처음 본 서로인데 꽤 오랫동안 바라보는 두 사람.
​
​
전화를 받고 자리에 모인 사람은 모두 열한 명.
그리고 등장하는 전화 목소리의 주인.
​
""반갑습니다.
정신과 전문의,
이 신
이라고 합니다.""
​
​
​
​
""과거로 갈 수 있다는 게, 진짜 과거로 간다는 건가요?""
​
""네, 맞습니다. 진짜 과거로 가는 겁니다.
과거로 돌아가서 인생을 반복해서 사는 것
, 저는 이것을
리셋
이라고 부릅니다.""
​
​
그러나 사람들은 '리셋'의 진실성과 실효성에 대해 의문을 제기하는데..
이 신은 이에 대한 대답으로 로또 번호를 맞춰보겠다고 한다.
​
​
""첫 번째 숫자는 34입니다.""
​
​
​
계속해서 로또 번호를 맞추는 이 신.
사람들은 흥분의 도가니...
​
​
결국 최종적으로 임신중인 아이를 포기할 수 없었던 소혜인을 제외한 나머지 10명 모두
리셋에 참여하기로 한다.
​
​
​
​
​
​
​
​
""1년 전, 과거에서 뵙겠습니다.""
​
​
​
​
* * *
​
.
.
.
​
​
​
​
​
바닥에 쓰러지면서 정신을 차린 가현.
눈 떠보니 다리가 졸라리 멀쩡하다...ㅠㅠㅠ
​
이 말인즉슨 진짜로
'리셋'
에 성공했다는 것.
​
​
게다가 마루도 잃어버리기 전이라 일 년만에 소듕한 댕댕이와 재회도 함.!!!
​
​
""마루야! 누나가 얼마나 보고 싶었는지 알아?""
""몇 분 떨어졌다고...""
​
​
그런 가현이 그저 의아한 친구 주영.
​
​
​
​
​
반면 형주가 눈을 뜬 곳은 차디찬 시멘트 바닥..ㅋㅋㅋㅋㅋㅋㅋㅋㅋㅋㅋㅋ
깨어나자 마자 웬놈한테 죽탱이 맞음ㅋㅋㅋㅋㅋㅋㅋㅋㅋㅋㅋ
하필 1년 전 그 시각, 범인 검거 중이었던 형주....
​
한번 잡아봤던 놈이기에 한 방에 때려잡고 형주는 곧바로 서로 향한다.
선호의 안위를 확인하기 위해.ㅠㅠㅠㅠㅠ
​
​
​
​
​
​
그리고 진짜로 살아있는 선호를 만난다.
​
순식간에 울망울망한 눈이 되는 우리의 댕댕남주ㅠㅠㅠㅠㅠㅠ
반면에 선호형은 ""뭐야 눈빛 왜 이래 뭐야"" 하면서 존나 질색ㅋㅋㅋㅋㅋㅋㅋㅋ
​
​
​
​
​
​
다른 리세터들 역시 리셋 완료.
​
​
​
​
​
​
​
이번에는 형주가 먼저 오명철을 찾아간다.
술을 사주면서 회포를 풀어보는 두 사람.
​
오명철은 그런 형주에게 진심으로 감동 받은 듯 다음에 또 만나자고 거듭거듭 얘기한다.
​
​
​
형주는 술에 잔뜩 취한 오명철을 택시 태워 보내는데...
출발하자마자 멀쩡해지는 오명철.
​
​
""사곡동 말고, 남연동으로 갑시다.""
​
​
리셋 전
처럼, 판사를 죽이기 위해 그가 살고 있는 동네로 택시를 돌린다.
​
​
​
​
​
판사를 불러내 칼침을 꽂는데 난데 없이 칼끝에 느껴지는 방탄조끼의 Feel.....
​
그리고 뒤이어 나타나는 형주.
졸라... 진짜 졸라 놀래버리는 오명철....
​
​
​
​
​
알고보니 오명철이 타고 있던 택시에는 형주의 동료인 순우가 기사로 위장해 있었고,
미리 판사네에 가 있던 형주가 이미 경찰이며 방탄조끼며 판을 다 짜놓았던 거.
​
리셋... 존나 최고짱 되어버렷따
​
​
​
​
​
​
""뭐야.. 너 어떻게 알았어. 네가 어떻게..""
​
""궁금하지? 남은 시간동안 잘 생각해봐. 내가 어떻게 알았는지.""
​
​
​
​
* * *
​
​
​
​
선호 죽인 범인도 미리 잡았겠다. 존나 룰루랄라 라이푸 되어버린 형주.
그렇게 며칠이 지나, 갑자기 산책로 한복판에서 리셋 전 키우던 강아쥐 마루를 발견한다.!!!!
​
​
​
​
​
""마루야!! 너 마루 맞지?""
​
​
너무 반가워 하며 원래 목줄을 잡고 있던 주인을 보는데..
​
​
​
조녜...
​
가 문제가 아니라 같은 리세터인 신가현이었음.
​
​
​
​
​
​
​
​
""마루.. 그쪽 강아지예요?""
​
""마루 어떻게 알아요?""
​
""리셋 하기 전에 마루 잃어버렸었죠? 내가 돌봐주고 있었어요. 주인 못 찾아가지고.""
​
""사고 때문에 병원에 있었거든요. 잘못 된 줄 알고 진짜 걱정 많이 했는데. 고맙습니다.""
​
​
​
​
​
​
​
""근데 어떻게 알고 마루라고 불렀어요?""
​
""어, 그러게.. 저는 그냥
제가 좋아하는 웹툰 작가
이름 붙인 건데.""
​
...왜 웃어요?""
​
""
히든킬러
?""
​
""거 알아요? 나 거 완전
팬
인데.""
​
""히든킬러 작가가 자기 강아지 이름을 필명으로 쓴 거 알아요?""
​
​
​
​
​
​
​
""히든킬러 작가.
필명 마루.
​
...
​
제가 그 히든킬러 작가 마루라구요
.""
​
​
​
​
​
​
""예?""
​
(참고로 이게 이 드라마 유일한 키스씬임)
​
​
​
​
* * *
​
​
​
​
​
​
​
자기 빠돌이와의 꽤 유쾌한 팬미팅을 마치고 집에 돌아온 가현은
난데 없이 바람을 피우고 있던 자기 약혼자와 친구를 목격한다. 시발.....
​
​
​
그리고 다음날은 리세터들끼리 지안원에서 모이기로 한 날.
​
​
​
어제의 충격이 가시지 않은 가현과 속없이 히든킬러 스포 좀 해달라고 칭얼거리는 빠돌이.
빠돌이 눈치 챙겨
여차저차 다시 한데 모인 리세터들.
​
""이번 생에서는 처음 뵙겠습니다.
다들 표정들이 밝아지셨네요?""
""예에, 근데 아직 한 분이 안 오셨는데...""
​
""...그 분은 오늘 못 오십니다.
리셋 하자마자 여러분께 안 좋은 소식을 전해게 되어서 죄송합니다.
​
오늘 이 자리에 오지 못한
박영길
씨는,
사망하셨습니다.""
​
형주가 리셋을 하면서 잠깐 정신을 잃었던 것처럼 박영길도 같은 상황이었는데
하필 그 순간 주행 중이었던 것.
​
그렇게 리세터는 총 아홉 명이 남는다.
​
.
.
.
​
​
안타까운 사고를 뒤로 하고, 리세터 중 한 명인
황노섭
이 연 카페에서 다 같이 모인 사람들.
​
다들 리셋으로 자기 인생이 얼마나 멋지게 바뀌었는지, 바뀔 것인지 이야기를 하는 도중에...
""다들 왜 좋은 일만 있을 거라 생각하지?
​
....
​
택배 아저씨 죽은 게 진짜
우연
같아요?""
​
​
갑분싸 만드는 리세터
고재영
.
​
​
""우연이 아님 뭔데?""
​
""나도 아직 확실한 거 아니에요. 느낌상, 그냥.. 우연은 아니다, 이정도.""
자리가 파한 뒤 고재영을 따라나서는 형주.
휴대폰을 내놓으라고 한 뒤에 살펴보니 아니나 다를까 몰카나 쳐찍고 있던 고재영놈....
​
이게 다 뭐냐고 따져물으니 하는 소리가
​
​
""아, 아이템이 있어야 싸우죠.
멍하니 있다가 당하기 싫으니까.""
​
""뭐?""
​
""아, 경찰이라면서
촉
이 안 와요?
택배 아저씨는
티저
고, 이제부터가 시작.
우리, 데스노트 게임에 초대 된 거라고요.
""
​
형주가 이건 또 뭔 중2 헛소리야... 생각하던 순간.
​
​
""안 궁금해요? 다음에 누가 죽을지.
...
짐작 가는 여자
가 있는데.""
​
​
여자? 여자 리세터라면 세 사람뿐이다.
​
재수생
김세린
.
예비 신부
서연수
.
그리고 웹툰 작가
신가현
.
​
​
​
​
이들 중 고재영이 지목한 사람은.
​
.
.
.
​
​
​
""휠체어 탔던
그 여자
요.""
​
​
​
​
​
​
​
-
​
2편 :
https://theqoo.net/square/1428903895
​
​
​
1편부터 스포 때문에 보지 말라고 할 수가 없어서 따로 샤이니 안 집어넣었음~
몇 편까지 쓸지는 나도 모르겠지만.. 엔딩까지 쓸 생각은 없고
(편수 = 화수 아님!)
아마도 정주행러들이 허겁지겁 365 카테 들어오는 >그 화<까지는 안 가지 않을까... 생각중 헤헤
!!!! ❤웨이브 한 달 100원 MBC 드라마 어플 깔면 한달무료
본인 집에 있는 IPTV에서도 전편 무료로 시청 가능💜 !!!!",사주 어플,0
https://theqoo.net/total/1342535600?_filter=search&search_target=title_content&search_keyword=%EC%A0%90%EC%8B%A0&page=33,영등포구 확진자 4번-8번 이동경로 [6번 7번은 아직 동선 안뜸],정치,20.03.10,2020-03-10,1203,"구로구 콜센터 관련 코로나 4~8번째 구민 확진자 현황 및 이동경로
영등포구민에게 알려드립니다. - 확진일자, 확진 관련 사항, 상세정보 순으로 내용을 제공하고 있습니다.
※ 3/10(화) 오후2시 기준/ 이동경로 추가
구민 여러분들께 안타까운 소식 전하게 되었습니다. 구로구 콜센터 집단감염 관련 구민 확진자가 발생하였습니다.
1. 현황
• 4~8번째 구민 확진자는 구로구 신도림동 ‘에이스손해보험 콜센터’(경인로 610, 코리아빌딩 11층) 직원으로, 직장동료인 노원구 확진자(3/8(일) 확진)의 밀접접촉자입니다.
① 4번째 확진자(구민, 40대 여성, 문래동 베어스타운)는 3/7(토) 미열, 두통 증상이 있었으며, 3/9(월) 영등포구보건소에서 검사를 진행, 3/10(화) 오전 확진판정 받았습니다.
② 5번째 확진자(구민, 40대 여성, 양평1동 삼성래미안아파트)는 3/7(토) 미열, 두통 증상이 있었으며, 3/9(월) 영등포구보건소에서 검사를 진행, 3/10(화) 오전 확진판정 받았습니다.
③ 6번째 확진자(구민, 40대 여성, 신길5동)는 증상이 없었으며, 구로구보건소에서 검사를 진행, 3/10(화) 오전 확진판정 받았습니다.
④ 7번째 확진자(구민, 50대 여성, 대림3동)는 3/8(일) 인후통 증상이 있었으며, 3/9(월) 구로구보건소에서 검사를 진행, 3/10(화) 오후2시경 확진판정 받았습니다.
⑤ 8번째 확진자(구민, 40대 여성, 신길6동 보라매경남아너스빌아파트)는 3/5(목) 미열, 두통 증상이 있었으며, 3/9(월) 강남성심병원에서 검사를 진행, 3/10(화) 오후2시경 확진판정 받았습니다.
2. 이동경로
※ 확진자 기억에 따른 이동경로이며, 현재 역학조사반이 cctv, 신용카드 등을 바탕으로 구체적이고 명확한 동선을 파악 중입니다.
① 4번째 확진자
• 3/7(토)
9:10 정민약국(선유서로 40, 마스크 구매) → 집 → 16:00 대림사우나(선유로 33) → 21:00 집
※ 도보 이동
• 3/8(일) 집
• 3/9(월) 9:20 영등포구보건소(코로나 검사, 택시) → 집
② 5번째 확진자
• 3/6(금)
13:27 출근(구로구, 택시) → 18:15 퇴근(버스) → 19:00 이마트영등포점(영중로 15, 지하2층 식품코너 20분소요) → 20:54까지 달빛한모금(영등포로 248, 저녁식사) → 21:09 집 도착(택시)
• 3/7(토)
10:15 집 출발(가족 자차) → 10:30 지인 집 방문(신도림) → 19:11 집 앞 도착(택시) → 19:13 집 앞 편의점(세븐일레븐, 커피 구매) → 집 도착
• 3/8(일) 집
• 3/9(월) 9:15 영등포구보건소(코로나 검사, 가족 자차) → 11:20 집 도착
③ 6번째 확진자
• 구체적인 동선에 대해 보건당국과 함께 역학조사 중입니다.
④ 7번째 확진자
• 구체적인 동선에 대해 보건당국과 함께 역학조사 중입니다.
⑤ 8번째 확진자
• 3/4(수) 8:30 출근(구로구, 자차) → 18:20 퇴근(자차) → 19:02 롯데슈퍼썬프라자점(신길로 41) → 집
• 3/5(목) 8:20 출근(구로구, 자차) → 18:30 퇴근(자차)
• 3/6(금) 8:20 출근(구로구, 자차) → 18:30 퇴근(자차) → 19:30 이한스시(당산동1가 256-184, 저녁식사) → 21:09 집 도착
• 3/7(토) 11:15 집 출발 → 병원(금천구, 자차) → 13:00 집 도착(자차) → 21:00 마트(구로구, 자차) → 22:30 집 도착
• 3/8(일) 집
3. 조치사항
• 확진자 거주지와 주변 방역을 조치하였고, 정확한 이동경로 파악에 따라 추가 방역조치 하겠습니다.
• 구로구 콜센터 전체 직원 총 207명(교육생 포함)은 자가격리 중이며, 그중 영등포구민을 신속히 파악하여 검사 완료하도록 조치했습니다.
• 서울시 가장 큰 규모의 집단감염 사례가 발생했기에 더욱 경각심을 갖고 역학조사 및 방역조치를 강화하였습니다. 아울러, 각종 다중이용시설(종교시설, 학원, pc방, 노래방, 무도장 등) 현장점검 철저히 하도록 조치하여 관내 추가 전파를 막기 위해 최선 다하고 있습니다.
• 향후 구체적이고 추가적인 내용 파악하는 대로 구민분들께 즉시 알려드리겠습니다.
2020. 3. 10.
영등포구청장 채현일
출처 www.ydp.go.kr/site/corona",점신,0
https://theqoo.net/total/3306003817?_filter=search&search_target=title_content&search_keyword=%EC%8B%A0%EC%A0%90&page=69,내일 신점 본다 ㄷㄷㄷ,일상토크,24.07.04,2024-07-04,163,"맨날 사주 타로 이런거만 보다가 친구가 먼저 봤는데 ㄱㅊ대서 나도 예약함
근데 엄마도 보고 싶대서 같이 가기로..ㅋㅋㅋ 둘이 가도 따로 본다고는 하던데",신점,0
https://theqoo.net/total/3789228726?_filter=search&search_target=title_content&search_keyword=%EC%82%AC%EC%A3%BC+%EC%96%B4%ED%94%8C&page=3,여유없고 마음이 약해지니까 자꾸 이상한데 기대게 돼,일상토크,06.17,2025-06-17,116,"돈도 없고 계속 악몽꾸고 면접 봤는데 결과 어떻게 나올지도 모르겠고
그래서 자꾸 사주이런거 관심가
외로워서 데이트어플 깔아볼까 이런생각도 함
물론 둘 다 실행에 옮기진 않았음...
집에서 하루죙일 유튜브 보고 카톡이나 하고 앉았음",사주 어플,0
https://theqoo.net/total/3255056420?_filter=search&search_target=title_content&search_keyword=%ED%8F%AC%EC%8A%A4%ED%85%94%EB%9F%AC&page=8,다들 운세 어플 뭐가 제일 잘맞다고 생각해?,일상토크,24.05.30,2024-05-30,429,"나 포스텔러
헬로우봇
점신
신한운세
4개보는데
다달라서 ㅠ",포스텔러,1
https://theqoo.net/total/3533216907?_filter=search&search_target=title_content&search_keyword=%EB%A7%8C%EC%84%B8%EB%A0%A5&page=16,플러스 만세력이랑 포스텔러 만세력 중에 어디가 더 정확해?,케이돌토크,24.12.17,2024-12-17,105,둘이 약간 다르게 나오는데,만세력,0
https://theqoo.net/total/1379859218?_filter=search&search_target=title_content&search_keyword=%EC%8B%A0%EC%A0%90&page=145,신점보러가고싶다...,일상토크,20.04.24,2020-04-24,21,"한번보니까 또보고싶음... 신기하기도 하고 재밌엉...
물론많이보면 안좋다는거알고있지만ㅋㅋ",신점,0
https://theqoo.net/total/1413057904?_filter=search&search_target=title_content&search_keyword=%EC%82%AC%EC%A3%BC+%EC%96%B4%ED%94%8C&page=20,개명 이름 정했는데 돌아가신 할머니가 꿈에 나온 후기,후기,20.05.14,2020-05-14,3604,"아파서 개명을 하게됐고 첫 개명이 아니기에
후기방 덬들 의견도 물어보고 그랬어 그렇게 최종 새 이름을
정했는데 그 날부터 돌아가신 외할머니가 꿈에 나오시는거야
살아 생전 손주들 중에 내가 아프고 그래서 더 할머니께서
나를 챙겨주시고 몰래 용돈도 더 주시고 날 아껴주셨어
그래서 돌아가셨을때 정말 많이 울었고 일상생활로
돌아오는것도 많이 힘들었음....
무튼 꿈에 나오셨는데 그 이름 하지말라고 말씀하시고선
사라지시더라고 처음엔 할머니가 꿈에 나와 그저 좋았었어
근데 내가 자기전에 생각하고 잠드는것이 아닌데
꿈에 나오시고 그 이름 하지말라고 하시더라고
엄마한테는 얘기 안했었고 혼자서 어떡해야되나 싶었음..
그리고 그동안 이름에 돈도 많이 들었고 (신중했거든)
시간도 많이들어서 낼 개명 서류 쓰고 그래야겠다!!
이러고 어제 내 현생 끝나고 씻고 잠깐 티비보고 잤지
그런데 꿈에 외할머니가 또 나오셨어
우리 강아지 그동안 많이 아팠지?
그 이름으로 바꾸지말라고 그러시더니
'윤 수현' 이라는 이름에 한자까지 정해주시고
이 할미가 아픈거 다 가져갈테니까
ㅇㅇ랑 (=엄마이름) 우리 강아지는 아프지말고 행복하게
살아라 그리고선 사라지셨어.. 나는 꿈에서 할머니 할머니
이러고 꿈에서 깼는데 이런적이 그동안 없어서
멍때리다가 할머니가 말한 한자 넣어서 작명어플로
이름풀이를 했는데 내가 작명소에서 받은 그 이름보다
더 좋고 내 사주에도 다 맞는거야... 너무 놀라고 안믿기고
그래서 엄마한테 말했더니 엄마도 그게 진짜냐고
정말이냐고 몇번을 물으셨어 나는 울면서
맞다고 할머니 보고싶다고 또 울고ㅠㅠ
이 글 쓰면서도 너무 그립다 할머니 보고싶다
아무튼... 너무 신기했어 개명은 꿈에서 말해주셨던
'수현'으로 정했고 이제 신청사유 쓰려해ㅎㅎ
음.. 마무리를 어떡하지 댓 달아준 덬들 고마웠어
그리고 이 글 읽어준것도 고마워~~~",사주 어플,0
https://theqoo.net/total/2463142836?_filter=search&search_target=title_content&search_keyword=%EC%8B%A0%EC%A0%90&page=113,소서 33333 각인 어떻게 가져가?,로스트아크,22.05.23,2022-05-23,309,"지금은 치특점화소서인데 이제 슬슬 쿠크보내줄까해서 33333해주려하거든 본캐가 서폿이라 각성,전문의만 전설로 읽어놔서 33333점화인데 신속주는 특신점화?랑 환류중에 고민인데 내가 좀 똥손이라서 비하에서 소서딱렉으로다닐때는 너무 느려서 고생좀했어ㅠ 그럼 쿠크랑 바브갈때는 환류가 더 좋을까?",신점,0
https://theqoo.net/total/3200893459?_filter=search&search_target=title_content&search_keyword=%EC%8B%A0%EC%A0%90&page=77,회사 다녀도 대외비 유출이며 문건유출 같은거 죄인지 모르는 애들 많다더니 이번에 보니까 그런거 같음ㅇㅇ;;,일상토크,24.04.25,2024-04-25,35,저게 뭐가 문제야? 걍 사담아냐? 나도 친구들이랑 직장 동료랑 뒷담까고 다해~ 나도 신점 봐~ 성공하고 싶으니까 자문 구한거지~ 이러고 있네,신점,1
https://theqoo.net/total/1532393625?_filter=search&search_target=title_content&search_keyword=%EC%8B%A0%EC%A0%90&page=142,ㅇㄹㅅ 고민글 써도돼???,ARASHI(아라시),20.07.22,2020-07-22,287,"나덬 내년에 고등학교 들어가는 덬인데...요즘 고등학교 어디를 들어가야할지 고민이야... 내신점수는 항상 잘 받고 있고 또 사회특별전형(?)이어서  주변에서는 외고나 자사고 같은데 들어가보라고 권유 하더라고...그런데 내가 우리학교에서 점수잘받는다고 거기서 다 잘되고 그러는건 아니잖아... 그리고 내가 고등학교 들어가면 외고,자사고 폐지된다는 설도 돌고 있고...그냥 일반고를 가자니 내가 거기서 잘 할 수 있을지 고민이고,어떻게 해야할지 모르겠어.. 람테 인생 선배님들ㅠㅠ 좀 도와주세여ㅠㅠㅠㅠ",신점,0
https://theqoo.net/total/2411380998?_filter=search&search_target=title_content&search_keyword=%EC%8B%A0%EC%A0%90&page=115,근데나 진짜 찐으로 운명론자된것같아,드영배,22.04.08,2022-04-08,333,"원래 ㅈㄴ 회의적이라 신도 절대 안믿고 사후세계도 안믿거든? 운명, 사주팔자, 신점 등등 싹다 그냥 말도 안되는 소리라고 생각했는데 (믿는 사람들 욕하는건 절대아님) 진짜 운명이라는게 있는것같아....... 시에러를 둘러싼 모든 것들이 운명이 아니고서야 어케 이렇게.... 이렇지..? 어떻게 이러냐... 진짜...",신점,1
https://theqoo.net/total/2133217334?_filter=search&search_target=title_content&search_keyword=%EC%8B%A0%EC%A0%90&page=125,나 신점 보러 갈꺼야,직장인,21.08.23,2021-08-23,450,타로나 사주 이런거 보는거 좋아하는데 신점은 처음이야,신점,1
https://theqoo.net/total/2707084171?_filter=search&search_target=title_content&search_keyword=%EC%8B%A0%EC%A0%90&page=101,신점사주? 보고왔는데,일상토크,23.01.30,2023-01-30,107,허공보면서 하는거 진짜 신기하더라.,신점,0
https://theqoo.net/total/3409230565?_filter=search&search_target=title_content&search_keyword=%EC%8B%A0%EC%A0%90&page=61,처음으로 신점 보러 갔더니 작년 말에 새로운 남자들이 많이 꼬였을텐데? 이럼 마침 그 때 입덕함,케이돌토크,24.09.18,2024-09-18,342,용하시더라ㅇㅇ,신점,0
https://theqoo.net/total/3659745070?_filter=search&search_target=title_content&search_keyword=%EC%A0%90%EC%8B%A0&page=10,음식이 명치까지 찼는데도 허전하고 뭔가 먹고싶다,일상토크,03.22,2025-03-22,40,점신볌맞지 이거,점신,1
https://theqoo.net/total/3123786023?_filter=search&search_target=title_content&search_keyword=%EC%8B%A0%EC%A0%90&page=81,신점볼때 좀 소름돋았던거 첨가서 이름불러주는데 내가 어린이집?유치원?때 개명했거든,일상토크,24.02.28,2024-02-28,474,무당이 이름듣고 뭐 흔들더니 어?원래 이름 이거 아닌데? 개명했어? 이랬음,신점,0
https://theqoo.net/total/1523926163?_filter=search&search_target=title_content&search_keyword=%EC%8B%A0%EC%A0%90&page=142,매년 신점보는 친구잇는데,일상토크,20.07.17,2020-07-17,137,"점쟁이가 절대 하지말라는거 결국 다함..ㅋㅋㅋㅋㅋ
그래도 잘살어",신점,0
https://theqoo.net/total/2222020097?_filter=search&search_target=title_content&search_keyword=%EB%A7%8C%EC%84%B8%EB%A0%A5&page=20,사주 만세력 볼때 태어난 시가 딱 30분이면 어떡함?,일상토크,21.10.31,2021-10-31,194,보통 30분까지 끊고 또 30분에서 새로 시작하던제 뭘 선택해야 하지,만세력,0
https://theqoo.net/total/2038754944?_filter=search&search_target=title_content&search_keyword=%EC%82%AC%EC%A3%BC+%EC%96%B4%ED%94%8C&page=16,사쿠라 졸업콘서트 보고온 후기ㅠㅠ (장문주의),사쿠라,21.06.20,2021-06-20,11082,"아직 쓰기 시작했을뿐이지만 미리 사과할께
존나장문일것임...
이유는 알거라믿어ㅠㅠㅠ 중계로 봐도 개쩔었자나ㅠ
원덬이 후쿠오카를 방문한건 이번이 2번째인데
놀랍게도 두번다 오타쿠활동 때문이었지
두번째인 이번은 물론 꾸라 졸콘때문이고
첫번째도 짐작할수있징??? 아이즈온미 마린멧세^^..
그때는 태풍때문에 한국에서 오는덬들은 도착 못할까봐 전전긍긍
나는 콘서트 본후 도쿄로 돌아가지 못하고 후쿠오카에 발이묶였지만..
미야와키 사쿠라를 아시나요?
어제까지 비바람불던 후쿠오카를 이렇게 쨍쨍 맑게 만드는 여자
심지어 오늘 일본 전국 기상예보 보면
전국이 흐림&비인 와중에 후쿠오카만 맑음이었음;;;
날씨마저 꾸라 졸업을 축하한다 이거징
암튼 원덬은 콘서트가 18시지만 11시부터 줄을 서서 굿즈도 사고 오타쿠의 본분을 다한다음에
16시반쯤 콘서트장에 도착함..
난 아예 마린멧세 근처에 호텔 잡았는데
마린멧세에 공연있는날은 임시 셔틀버스도 운행하더라구
내가 가는동안에도 셔틀버스에 꽉꽉찬 오타쿠칭구칭긔들이 마린멧세를 향해 가고있더라
입장해서 졸업기획위원회(?)에서 만든 서프라이즈용 슬로건도 받고..
로비에 굿즈파는것도 아닌데 사람들이 다 줄선거야
콘서트장에선 알다시피 일단 줄선다음에 무슨줄이냐고 물어야 하잖아
나도 그렇게했음..
그 줄은 바로 화환 구경하는 줄ㅋㅋㅋㅋㅋㅋㅋ
와 그리고 진짜 놀란게
관객 성별비율이 남녀 반반이더랔ㅋㅋㅋㅋ
그리고 반 혹은 반이상이 아이즈원콘때 봤던 그 팬층이었음ㅋㅋㅋ
유입의 쩔어줌을 다시한번 느꼈고요ㅠ
글구 핰타 1주년 3주년 티셔츠 같은거 입고계신 고참덕후 분들도 의외로 아이즈원 굿즈 들고오고 그럼
그들은.....찐으로 꾸라를 따라 케팝의 세계에도 입문했었나봐
그정도로 마린멧세는 일본의 꾸친놈들이 한데 모여있었음
줄서서 구경할만도 한게 꽃 개많음
한쪽벽면을 화환으로 줄세웠는데도 다 진열을 못함
온갖 잡지사와 레귤러 방송했던 방송스탭 등등
이번 콘서트에서 열일해준 오사레컴퍼니(의상)
이랑 에케비 음반사인 킹레코드도 보냈더라
저긴 규슈 로컬방송 화환인데 이뻐서 찍음ㅋㅋ
약간 졸업드레스 컨셉인가
그옆에 오데카케 화환도 긔여워ㅠㅠ 콩꾸라 사진도 막 넣어줌
모모치하마(하카타 레귤러 라디오방송) 화환도 귀여움
다른 그룹도 화환 보내줬더라
에케비 화환 방가웠음ㅋㅋㅋ
네임드 중요한 화환은 줄세우지 않고 기둥옆에 스페샬하게 놔준다
야부키 나코님(출연자)
꾸라팬 일동(존예;;;)
5만엔 도시락을 사주는 찐사랑 사쿠노키스탭ㅠ
입장!!!!
........
내자리 시야 무슨일이야...???
완전 정가운데라 꾸라가 항상 눈앞에있음
개쩔어ㅠㅠ 거리두기해서 앉히느라고 양옆에 한자리씩 비어있고 약간 지그재그로 사람 배치해서 시야도 안가림ㅠㅠ
저 계단은 열렸다 닫혔다 하더라
스크린도 위아래로 올라갔다 내려갔다하는거 존멋
처음에 나오는 영상도 존나너무...
공항에서 샄낰 나오는데 저게 아마 자가격리를 마친 직후의 샄낰이었겠지?ㅋㅋㅋㅋㅋ
그래서인지 바깥공기를 맡으며 넘나 행복해보이던 우리가좍칭긔들ㅠㅠ
졸발날 비하인드 나올땐
아~ 긴장된당! 이러다가 마츠(로 추정)가 앞에서 뭐라고 하니까
아니 사실은 아직 긴장안되는데^^;; 긴장된다고 해놔야 될거같아서;;;
(출연은 저녁인데 이땐 아직 한참 몇시간 남았을땐가봄ㅋㅋㅋㅋ)
이러는거 너무 꾸라같고 웃겼음ㅋㅋㅋㅋ
그리고 콘서트 시작하는데
오버츄어 첨에 나오는 영상보고
아~ 이영상 rgrg 티저로 봤잔아^^
했는데 티저랑은 달리 찐 오버츄어라서
H1 K! T! 48!!
이래가지고 당황ㅋㅋㅋㅋㅋ
사실 오버츄어부터 느꼈는데 다음곡 사쿠타베-키미스키-버터플라이에서 확신함
머큐리... 그리고 우리 꾸라
영상에도 돈을 존나썼군아ㅠㅠㅠㅠㅠㅠ
영상이 그냥 영상아니고 가사도 그냥 텍스트가 아니고 이펙트 팍팍들어가서
돈냄새가 나서 눈물이나는거야ㅠㅠㅠㅠㅠ
어느곡이었는지 기억안나는데 약간 미국 코믹스 풍으로 가사나오면서 2분할로 영상나오는곡 있었잖아
그거 개쩔지않았어????
와 진짜 자본의 촉촉함에 덕후 눈시울도 촉촉해졌당ㅠㅠ
꾸라야 이런 속물덕후라서 미안해..
근데 꾸라도 알라딘보면서 돈냄새난다고 울었잖아ㅠㅠ 알아줄거라 믿어
초반블럭이 너무 핰타콘of핰타콘같아서 눈물이 남
사쿠타베가 오프닝인건 약간 예상외였는데
키미스키-버터플라이-빨리감기(개인적으로 개좋아함)-리프레인!!!!!!!!
리프레인!!!!!!!!
중요하니까 두번말할께
마도카 졸콘때 해서 나름 만족되긴 했는데
오히려(?) 거꾸로(?)
그때 한번으로 만족해서 리프레인 졸콘에서 안해주면 어떡하지?ㅠㅠ
할거같은 불안감ㅁ이 있었단말야
뭘 불안해해 사쿠라 믿어 킹갓엠퍼럴 셋리장인 천재아이돌ㅠㅠㅠㅠㅠㅠㅠ
존나 너무좋았어...
그리고 꾸라 헤어에도 놀라벌였어...
꾸라는 긴꾸라에 미친 긴친놈들을 위해 포니테일을 해주는 대천사인데
우리는 괜히 오해해서 흑단발인줄 알고 스포당했냐고 설레발을 쳤짘ㅋㅋㅋㅋㅋ
꾸라한테도 모카한테도 미안하다;;;ㅠㅠㅠㅠㅠ
(사실 이때쯤 시게도 금발한거 눈치는 챘는데 꾸라한테서 눈이 안떨어져서 애매하게 눈치챔)
엠씨가 시작되고 나서야 꾸라 외의 멤버들도 겨우 볼수가 있었음
누가 부족해서가 아니야 내가 너무 꾸친놈이라서 그래..
시게가 꾸라 졸콘까지 다이어트 열심히 한다고 하던데
원래는 어땠는지 모르겠는데(원래도 뭐 살찌지도 않았던뎈ㅋㅋㅋ)
키도 꾸라랑 비슷해서 늘씬해보이고 귀엽더랔ㅋㅋ 그리고 혼혈칭구라 그런건지 하얘서 눈에띔
글구 꾸라 옆에서 가끔 쪼마난멤버가 같이 안무하고 그래서 나코인가!?!?
했을때 의외로 나코가 아니고 낫삐인적이 많았음;;; 약간 작은편인가봐
셋리에 맘모스 넣을거라는 말........
농담으로 한소리였어
진짜 넣을줄은ㅋㅋㅋㅋㅋㅋㅋㅋㅋ
너무너무 넣고싶어서 넣은건지 팬들이 ""아 사쿠라는 당연 맘모스 넣겠지^^~"" 해가지고 으이구 그래 알았다 얘들아^^ 하고 넣어준건진 모르겠지만ㅋㅋㅋㅋㅋㅋ
맘모스 하는데 뒤에 영상도 너무 신경쓴티 나서 또 눈물나는거예요..
심지어 따로 이미지영상까지 찍어서ㅠㅠㅠㅠㅠ
선사시대 맘모스들도 황송해서 되살아날듯ㅠㅠㅠㅠㅠ
그리고 케포곡중에 나츠노마에 좋아하는거 어떠케알고????이걸해줘????
T2노래중에 소라미미록 좋아하는거 어케알고????이걸해줘?????
천재? 사쿠라는 천재야?? 천재예요???
(천재맞음)
꾸라하나미쿠로 부른 그 노래도..
이거 사실 소취한사람 많았잖아?
사ㅣ실은 나도 그중 하나인데^^
근데 이거 빨리감기캘린더 커플링인데다가
전임 전에 낸 싱글이라 콘서트에서 해본적도 없고해서 하기 애매할줄 알았거든ㅠ
그걸해주다니ㅠㅠㅠㅠㅠㅠㅠ 천재? (이하생략)
꿈꾸동에 대해선 내가 깊이 반성할일이 있음
사실............원덬은........
(소근) 프듀입덕이야.. (소근)
(소근) 뉴비거든... (3년차 뉴비)
그래서 핰콘을 390퍼센트 즐기려고 한달동안 머릿속을 완전 하카타덕후 모드로 체인지하고 핰쏭만을 들어왔어
그래서.......그랬는지 모르겠는데...
♪(꿈꾸동 인트로)
아... 뭐야 이거 뭐지..?ㅠ 이거 아는노랜데..! 제목이 기억안난다 이거 완전 아는노래
당연함;
서울콘에서 군꾸동 버전으로도 부른적있음;;;;
헷^^;
당연히 48곡만 나올거라고 생각해서인지 꿈꾸동을 못알아봤다고 한다^^;;;
와 근데 진짜 천재아니냐? (이하생략)
나코랑 듀엣 : 있을수있음ㅇㅇ 2년반의 시간을 더하며 샄낰은 찐자매가 됐으니깐 듀엣가능성 95퍼 이상 당연히있었음
하지만 아이즈원곡을 할거라고는.....진짜 생각도못했음
뭔가 마린멧세에 꾸친놈들이 모일거라는건 알았지만
난 그래도 핰타콘이라 핰타덕후들이 메인이 될거란(?)생각이 있었거든
아이즈원곡은 하카타팬들이 그냥 그래할거 같아서 안할줄.....알았지만
미야와키 사쿠라에게 정해진 틀은 없는거였음ㅠ
그냥 꿈꾸동도 아니거든요
마이크도 본인들 마이크 들고왔더랔ㅋㅋㅋㅋㅋ
앗 언급하는거 까먹었지만 인이어도 자기꺼^^;;;
근데 넘나 신기하게 곡 끝나자마자 잠시 방심한사이 꾸라 어느샌가 보통 마이크로 바꿔쥐었더라
순발력 머선일이고.. 재빠른고양이ㅠㅠ
히쨩이 메시지 보내준것도 고마웠음ㅠㅠ
사실 후기에 한곡한곡 감상쓰는거 자제할려고 했거든
근데 셋리가 너무 천재적이라 그럴수가없어 미안..
밤비에서 후배데리고 나온것도 그렇고
호두와 다이얼로그도 전에 어디서 보고 저 마지막에 손올려서 휙 잡는거 존멋이라 꾸라도 해봤으면 좋겠다고 생각했었는데 진짜로 해버림ㅠㅠㅠ
사실 꾸라도 하고싶었나봐ㅠㅠㅠㅠㅠㅠㅠ 존멋ㅠㅠㅠㅠ
야!!!!!! 그리고 럽트립 꾸라센터 뭐야 미쳤어??
럽트립 꾸라센터라고 하면 무슨 어플게임 특별공연 같은거에서 딱한번 꾸라센터로 한적이 있었는데
그때도 개쩔었단말이야 중간에 솔로로 선녀파트같은거 나올때ㅠㅠ 또랑또랑ㅠㅠ 영롱한목소리로ㅠㅠㅠ
그걸 마린멧세에서 볼수있다니 꾸라는 진짜 셋리계의 아인슈타인
럽트립할때 의상도 너무 내취향이었음
자켓 제복스타일........못참지
지와루는 죄송합니다 제가.. 무슨노랜지 몰라서 깊이 감동은 못했어요^^;;;;
그냥 다만 낫쨩이랑 아오이랑 꾸라라는 조합은 정말 내가 좋아하는 조합이었기에 훈훈하게 봤을뿐;;;
콘서트 끝나고 알아보니까 감동적인 부분이더라곸ㅋㅋㅋㅋ ㅈㅅㅈㅅㅠㅠ
사요나라의 의미도 모르는 곡이었는데 이건 멤버들이 한마디씩 하는거ㅠㅠ
그때까진 내적울음은 있었어도(feat.돈냄새)
리얼울음은 없었는데
마이쨩이 꾸라가 항상 하던말 인용처럼 해서
""저희도 어제보다 오늘, 오늘보다 내일 더 빛날수있게 노력할께요""
이런식으로 말하는데 존나........역시 고참덕후님은 덕후마음을 알아
꾸라 졸콘에서 꾸라가 늘 하는말을 인용해서 메시지를 전한다? 이건 못참지
내 눈물샘이 못참지ㅠㅠㅠㅠㅠㅠㅠ
사쿠냐 듀엣은 예상했던 대로의 울음바다였는데
나중에 엠씨타임에 얘기하는게 너무 웃기고 귀여웠음ㅋㅋㅋ
그런 감동적인 무대를 하고 대뜸 시게 보자마자 ""너 근데 중간에 틀렸지? 너무 일찍 와서 붙던데""
이러면서 지적하는것도 웃기곸ㅋㅋㅋㅋ
둘이 마주보고 있을때 난 꾸라가 시게 눈물 닦아주는줄 알고 감동했었는데
그게 사실은 붙임눈썹 떨어진거 꾸라가 눈치채고 확 뜯어버렸단 썰도 그렇곸ㅋㅋㅋㅋ
(그렇게 울면서도 냉정하고 프로였다곸ㅋㅋㅋ)
시게도 꾸라가 매의 눈으로 손 뻗은거 본순간 자기 눈썹 떨어진걸 직감했대
석양에서 1기생들 둥글게 모이는것도 귀여웠어ㅠㅠ
처음에 약간 무대 뒷쪽에서 둥글게 모였다가
연출로 위에서 쏴주는 동그란 조명이 생각보다 앞에 있는거 눈치채고 슬금슬금 앞으로 나와서 다시 동글게 모이는것도 졸귀ㅠㅠ
10년간 같이해온 애기들아ㅠㅠㅠㅠㅠㅠㅠㅠ
(다시한번 말씀드리지만 원덬은 프듀입덕한 응애예요)
카노죠-키스미 연속도 진짜 덕후니즈 너무 잘파악한다
사실^^ 카노죠 나왔는데 사쿠라모자 아니고 키스미스타일 의상인거 보고 예상은했지만
리프트타고 올라갈줄은 예상못했지!?!?!?!?!?
뒤에 비전 그렇게 개쩔게 슈퍼아이돌처럼 만들어 왔을줄은 예상못했지!?!?!?!?!?
와 진짜 돈냄새가 또 나고(이하생략)
영상메시지는 자기가 돈주고 후쿠오카와서 관람한다는 치요리도 귀염&감동이었고
와카타베 하루카(현 후지테레비 사원)가 일반인인데 메세지 보내준것도 의외였ㅇㅇ
후반블록은 이거지
존나........
어른열차의 인트로&저 실루엣이 나오는데
코로나때문에 웃어도 소리내서 웃지도 못하던 객석에서 순간적으로 어억..! 하는 비명소리가 술렁거림
하룻삐 실루엣만 나오는동안 꾸라가 약간 떨어진 데에서 그거 보고있는데
그 뒷모습이 왠지 되게 인상깊었음...
하룻삐 와줬다고 소개하기 전까지 뒤돌아서 보고있는 꾸라랑
객석에서 놀라서 웅성거리는것도 다 듣고있을거니까...
어른열차에서 하룻삐 나오고 12초에서 삿시 나오는데
삿시는 스크린 뒤에서 나오는데 스크린 올라가는 속도가 생각보다 되게 느림ㅋㅋㅋㅋ
근데 뒤에 조명으로 노랑색 뙇뙇 쏴주고(노란색이 삿시 색깔)
그전곡에 하룻삐가 나온 상황이라 다들 누구 나오는지 다 알아서 삿시때도 덕후들이 차마 못참고 소리냄ㅋㅋㅋㅋ
이 곡들 전까지는 대부분 듀엣이나 원래 꾸라가 센터인 곡이나
아님 핰타곡 아니어서 꾸라센터로 포지션 짠 곡이 대부분이고
그 외엔 메루나 나코가 원래 센터인곡에서만 꾸라가 살짝 옆으로 빠지고 그랬었자나
셰카라시카 같은건 원래 꾸라센터 아니어도 꾸라센터로 하고
그래서 그런지 어른열차랑 12초를 원래 포지션대로 하룻삐 가운데 세우거나 더블센터하거나 하면서 무대하는데
뭔가... 왜그런진 모르겠는데 그전까지가 졸콘답게 꾸라스페셜인 느낌이 들었다면
어른열차-12초는 평소의 하카타 무대같은 느낌이 나더라고
그게 되게 시계바늘을 되돌려서 사쿠라/하룻삐/삿시 셋이 중심이 되어서 하던 시절로 돌려놓은거 같고
하룻삐가 제대로 졸콘 못하고 간걸 자기 졸업 자리에 같이 불러서 마무리할수 있게 해준거 같아서
뭐랄까
설명하기 어려운데 졸업한다고 삿시랑 하룻삐를 둘다 부르고 그러면서도 주인공인 자기가 너무 중심에서 비껴나가진 않게 할수있는??
그런게 꾸라만이 할수있는 절묘한 포지션같단 생각이 들고 그래서 그런지
어른열차 끝에 꾸라가 하룻삐 손잡고 계단 올라가서 둘이 서있는데
와 사쿠라 존나멋있다
라는 생각이 들었고
마린멧세 후쿠오카의 객석을 떠돌던 수많은 망령들이 성불하는거 같은 성스러운 기분이 들음ㅠㅠ
나중에 하룻삐가 자기가 졸콘도 못해서 제대로 인사 못하고 떠났었는데 이렇게 무대하고 인사할수 있어서 좋았다고 울면서 그러는데 나까지 눈물ㅠㅠ
그리고 삿시랑 하룻삐가 졸업생 특별출연으로 나와준건데
맨 마지막곡 사쿠타베까지 나와가지고 특출느낌보다는 그냥 멤버로써 평소처럼 같이 무대하는 느낌으로 자기들 포지션에서 아무렇지도 않게 해주는게
아....HKT정말 좋은 그룹이구나ㅠ
하는 생각이 들었음
심지어 삿시는 사이코카요에서 콜도하고^^;;;;;; 게스트인데^^ㅋㅋㅋㅋㅋㅋㅋ
원래 사이코카요 콜에서 오늘 와주신 분들 최고! 이런거 하는 부분에서
꾸라가 HKT너무좋아!! 콜하고 끝낸것도 너무 좋았음ㅠㅠㅠㅠㅠ
그리고 앵콜때 졸업드레스 봤지????????
봤지??? 어???? 너희도봤지??? 보셨죠??????
꾸라의 어깨를 감싸는 수많은 벚꽃잎!!!!!!!!들!!!!!!!
그리고 마치 설빙처럼 5000층의 고운 눈 입자가 켜켜이 쌓인거같은 스커트 부분!!!!
조명받으니까 아무도 밟지않은 새하얀 눈밭에 산들바람이 불어서 살짝 흩날리는 것처럼 은은하게 조명을 반사하는 벚ㅠ꽃ㅠ색ㅠ치ㅠ마ㅠ폭ㅠㅠㅠ
오사레컴퍼니 주식살까요??????
시노부님 감사합니다
이 드레스에선 속물처럼 돈냄새 얘길 하지않겠습니다
사랑냄새가 났으니까요......아주 지독한......
졸업스피치 하는 꾸라 목소리도 너무너무 다정하고
자기가 여러분의 작은 힘이나 행복이 되었다면 좋겠다는 그런말도...
작은행복 이라니?
내 인생에 꾸라가 주는 행복 뺀 만큼이 오히려 제일 작은 행복부분인데???
대부분의 행복 = 꾸라가 주는거 인데????
다시 만나게 됐을때 꿈을 얘기해달란 말도
자기가 여러분의 꿈을 응원하겠단 말도
너무 눈물나잖아....... 실제로 울었다구......
눈물을 닦을수가 없어서 페이스실드 벗어벌임ㅠㅠ
주위에 사람들도 다 훌쩍거리고있음ㅋㅋㅋㅋㅋㅋㅋ
위에꺼가 그 기업협찬으로 나눠준 응원용 봉이고
맨 밑에꺼가 서프라이즈로 준비해준 슬로건임
연출도 나름 있어서 첫곡은 핑크색 점등
앵콜 콜할땐 파란색 점등
앵콜후 첫곡내내 파란색&슬로건 들기
였는데 꾸라가 앵콜곡 부르면서 울었으니까 성공한건가봄..^^
근데 펜라이트 불량품이어서 콘서트 시작되고 10분만에 망가져벌임ㅠㅠ
지금 버튼도 안눌려ㅠㅠ
이건 콘서트 끝나고 팔던 당일사진세트
게스트 둘도 초반부터 와있었나봐
엠씨할때 원진때 얘기하는데 삿시가 원진할때 제일 먼저 울었다면섴ㅋㅋ
삿시 마린멧세 도착하고 5분만에 울었다곸ㅋㅋㅋㅋ
흑ㅠㅠㅠㅠ 다시보기 보면서 또 곱씹고싶다ㅠㅠㅠㅠ
그럼이만...너무 장문이라 올리기 부끄럽다..미안.....",사주 어플,0
https://theqoo.net/total/3661423424?_filter=search&search_target=title_content&search_keyword=%EB%A7%8C%EC%84%B8%EB%A0%A5&page=10,포스텔러 만세력에 내 사주를 입력하면,운세,03.23,2025-03-23,2015,무신월 자리에 홍염살이 뜨는데 무신월은 홍염살 아니지 않아? 나 알못이라 물어봄,만세력,0
https://theqoo.net/total/1548897990?_filter=search&search_target=title_content&search_keyword=%EC%8B%A0%EC%A0%90&page=142,우리학교도 내신3점대 언니 이대갔는데 ㅋㅋㅋㅋ,일상토크,20.08.03,2020-08-03,226,이과고 건축학과였나 ㅋㅋㅋㅋ근데 생기부가 ㄹㅇ 개빵빵했어,신점,0
https://theqoo.net/total/3800129030?_filter=search&search_target=title_content&search_keyword=%EC%8B%A0%EC%A0%90&page=25,저거보니 신점본거 생각나네 한번봤었는데,케이돌토크,06.24,2025-06-24,114,"나보고 금줄 금목걸이 걸고왔다고
이런거 볼 필요없다해서
걍 안봄 ㅋㅋㅋ",신점,0
https://theqoo.net/total/1860272899?_filter=search&search_target=title_content&search_keyword=%EC%8B%A0%EC%A0%90&page=134,신점 혹시 25살인데 봐도 되나,일상토크,21.02.24,2021-02-24,312,일단 괜찮다고 오라고하는데 그럼 괜찮은건가,신점,0
https://theqoo.net/total/2808725421?_filter=search&search_target=title_content&search_keyword=%EC%8B%A0%EC%A0%90&page=95,나 미신 겁나 잘 믿는 사람이라서 오히려 사주 점 이런거 절대 안봄,일상토크,23.05.22,2023-05-22,46,"누가 나한테 뭘 어떻해야하는지 알려줬으면 해서 ㅠㅠ 차라리 포기할건 포기하라고 말해주면 시원하게 포기하고 살 수 있을것 같아서 신점이라은거 진짜 진짜 보고싶기는 한데, 그러다가 안좋은 말 듣고 부적이나 굿하라고 하면 집안을 털어서라도 할것같아서 절대 가지 않는다 ㅠ
근데 나 지금 너무 힘들어서 뭐라도 너무 간절해 ㅠㅠ",신점,1
https://theqoo.net/total/3647410972?_filter=search&search_target=title_content&search_keyword=%EB%A7%8C%EC%84%B8%EB%A0%A5&page=12,사주 유튜버가,운세,03.14,2025-03-14,378,"만세력 상 14일이 탄핵선고 유력할거라 했는데
오늘 14일이네... 과연?",만세력,1
https://theqoo.net/total/2223106331?_filter=search&search_target=title_content&search_keyword=%EC%8B%A0%EC%A0%90&page=122,📆 SCHEDULE :: 21년 10월의 마마무 💚,마마무(MAMA...,21.10.31,2021-10-31,7308,"◁ 2021.10
▶
≡
DATE
INDEX
CONTENTS
01
(금)
유튜브
🦁
[H패션몰]
화사X타미슈즈
유튜브
🦁
[H패션몰]
We say Hwa sa X TOMMY JEANS - 타미슈즈편
유튜브
🐰
[유없스 노래방]
마마무 솔라가 혼자서 귀엽게 ‘넌 is 뭔들‘을 불러보았다❤️
트위터
🦁
[MBC예능연구소 / 나혼자산다]
회원들의 선택한 <무무상회>의 물건은? 🛍
오늘 밤도 본/방/사/수💨
유튜브
💚
[studio문나잇]
[LIVE] 마마무 - 하늘 땅 바다만큼 (mumumumuch)
인스타
🐰
[유희열의 스케치북]
오늘밤 여러분의 귀호강을 단단히 책임질
대세 of 대세 뮤지션들을 소개합니다🧐

#솔라
솔라 땜에 전쟁 났어요🥺🥺
아름다워(war)💗 귀여워(war)💗 사랑스러워(war)💗
트위터
🐹
[마마무]
우리 무무 여러분 잠시 후 9시
오늘도 별이와 함께하는 네이버
나우 'studio 문나잇' 즐거운
금요일 밤 보내세요❤️
트위터
🐹
[NOW.]
오늘은 #studio문나잇 9️⃣9️⃣밤🌙 파티합니다🎉 횐님들이 부탁한 게 많아서🤓 문대표(#마마무 #문별) 아주 바쁠 예정ㅋ 9시에 시작해요!
라디오
🐹
[studio 문나잇] EP.99 문나잇 99밤🌙 문별이 빛나는 밤
인스타
🐹
[문별 / 스토리]
99밤 감사합니다
트위터
🐹
[NOW.]
#studio문나잇 9️⃣9️⃣밤 핑계로 찾아온 #전지적문스텝시점📸 횐님들이 있어서 문대표(#마마무 #문별) 든든😎 문나잇도 든든😍 100회 너머의 밤도 쭉쭉 오래 함께해주세요❤ #횐님들_사랑하누
트위터
🦁
[마마무]
잠시 후 11시 10분 MBC '나 혼자
산다' 우리 무무 여러분 금요일 밤
화사와 함께 보내 보아요💗
방송
🦁
[나혼자산다] EP.415 무무상회 2탄
트위터
🐰
[마마무]
우리 무무 여러분 잠시 후 11시 25분
KBS2 '유희열의 스케치북' 솔라와
함께 본방사수 잊지 마세요🤎
방송
🐰
[유희열의 스케치북] EP.560 Something Special
02
(토)
유튜브
🐰
[유희열의 스케치북]
[세로 직캠] 솔라 - Something Special
🎵
🐰
유희열의 스케치북 : 일흔세 번째 목소리 '유스케×솔라(마마무)' - Something Special 발매
트위터
🐹
[리디북스]
#리디북스웹툰 OST 2탄💜🎁
이번엔 #마마무 #문별 과 
#이태원클라스 #가호 가 만났다!!

로맨틱 사극 #한양다이어리 OST 
'반의 반'  10월 7일 커밍쑨🔜🔜
|
유튜브
유튜브
💚
[KCON:TACT HI 5]
BREAKING LIVE
유튜브
💚
[studio문나잇]
마마무 인정사정 안 봐주는 훈민정음 게임
트위터
🐰
[마마무]
우리 무무 여러분 잠시 후 6시 5분
KBS2 '불후의 명곡' 본방사수🙌🏻 즐거운 토요일 솔라와 함께해요🤍
방송
🐰
[불후의 명곡] EP.525 (패널)
기타
🐰
[멜론 / 불후의 명곡]
무대 위의 팔색조! 솔라 PLAYLIST♪
03
(일)
인스타
🐶
[휘인]
마이 갱스터
04
(월)
트위터
🐹
[리디북스]
#리디북스웹툰 
<한양다이어리>OST🎶🎵
_
#마마무 #문별 & #가호 #반의반 
발매 D-3⭐️⭐️⭐️
 
문별님이 팬분들을 위해 인사 영상을 남겨주셨는데요😉
(노래도 하루 빨리 듣고 싶다구요..💓)
10월 7일 만나요오오🔜🔜
|
유튜브
유튜브
🐰
[솔라시도]
Self Vlogㅣ펫페어방문,강아지용품,사람음식같은강아지음식,럭셔리그자체인강아지옷들
트위터
🐹
[NOW.]
이번주 #studio문나잇 문대표(#마마무 문별) 토크 파트너는?!
인스타
🐹
[문별]
🧸
🧸🧸🧸🧸🧸
트위터
🐹
[마마무]
우리 무무 여러분 잠시 후 9시
네이버 나우 'studio 문나잇'
월요일 밤 별이와 함께해요🤎

#백번째_문나잇_평생보자_우리
#100thEP_With_DJMoon
트위터
🐹
[NOW.]
#studio문나잇 오늘은 1️⃣0️⃣0️⃣밤🌙 문대표(#마마무 #문별)랑 안무가 #캐스퍼(#김태우)쌤이랑 [댄스 더 문나잇✨] 달려봅니다🔥 춤에 진심인 횐님들 모여라! 지금 막 시작했어요😉
라디오
🐹
[studio 문나잇] EP.100 댄스 더 문나잇✨ 안무가 캐스퍼
인스타
🐹
[문별 / 스토리]
05
(화)
인스타
🐶
[휘인프롬패용]
[#단편소설을패용패용]
""휘인아ㅡ!""

...여름이었다🌿
인스타
🐹
[문별]
👸🏻
💭
공카
🐹
[마한메]
마마무한줄메모
공카
🐹
[마한메]
마마무한줄메모
공카
🐹
[마한메]
마마무한줄메모
트위터
🐰
[World is One 2021 Concert]
D-25!
🎉1차 라인업 대공개🎉
|
유튜브
인스타
🐹
[문별 / 스토리]
나 잘했지??믓찌지?😎
인스타
🐰
[송가인]
오늘밤 ! 9시 #풍류대장 ! 💙
많은 시청 바랍니다 !!!!!🙏🏻💕🎵
트위터
🐰
[마마무]
잠시 후 9시 JTBC '풍류대장'
우리 무무 여러분 솔라와 함께
본방사수 Go Go🙌🏻💛
방송
🐰
[풍류대장] EP.2 (심사위원)
유튜브
💚
[studio문나잇]
[LIVE] 마마무 - 분명 우린 그땐 좋았었어 (Happier than Ever)
인스타
🦁
[화사]
✌ @louisvuitton @nicolasghesquiere
#광고 #LVSS22 #louisvuitton
06
(수)
트위터
🦁
[MAMA：THE ORIGINAL K-POP AWARDS]
예고 10월 28일(목) 저녁 8시 첫 방송
|
유튜브
유튜브
🐶
[비긴어게인 오픈마이크]
[티저] 가을 감성 물씬🍂 감미로운 음색의 아홉 번째 〈오픈마이크〉 주인공들! 과연 누구?
기타
💚
[KCON:TACT HI 5]
KCON:TACT HI 5 센터캠 - 마마무
인스타
🐶
[휘인 / 스토리]
무무들 혹시 들었어? 5시에 라방 한다는 소문...ㅎ
인스타
🐶
[휘인프롬패용 / 스토리]
하! 라방걸! 잠시후 @whee_inthemood로 모여요 무무!
라방
🐶
[인스타]
whee_inthemood 세번째 라이브
트위터
💚
[KCON:TACT HI 5]
🍩 KCON:TACT HI 5 Breaking Live with #MAMAMOO 🖐
정답과 도전의 늪에 빠져버린 맘무...
내 맘 속에선 우리 맘무면 무조건 정답이야...😘
트위터
💚
[KCON:TACT HI 5]
🍩 KCON:TACT HI 5 Breaking Live with #MAMAMOO 🖐
정답과 도전의 늪에 빠져버린 맘무...
내 맘 속에선 우리 맘무면 무조건 정답이야...😘
인스타
🐹
[문별]
마지막 사진은 스포😏 (방송 끝나고 알려줄게여)
트위터
🐹
[마마무]
즐거운 수요일 밤에는 별이와 함께🎶
우리 무무 여러분 잠시 후 9시 네이버
나우 'studio 문나잇'에서 만나요❤
트위터
🐹
[NOW.]
#studio문나잇🌙 문대표(#마마무 #문별)랑 #Ciipher 랑 [경이로운⭐️별다방] 달려달려✨ 만능돌 #싸이퍼 의 7인 7색 다양한 매력을 제대로 뿜뿜할 예정😎 얼른 보러오세요!
라디오
🐹
[studio 문나잇] EP.101 별다방 알바생⭐️ w/ 싸이퍼
틱톡
🐹
[문별]
이렇게 하는거 맞죠..?ㅎㅎㅎ 백번넘게 찍고 성공한ㅎㅎ 땀이 많이났어요💦 굿밤🌙
틱톡
🐹
[싸이퍼]
#마마무 #문별 선배님과😆 #콩깍지챌린지
인스타
🐹
[문별 / 스토리]
It's this
07
(목)
🎵
🐹
한양 다이어리 OST <반의 반> 발매
|
MV
유튜브
🐰
[솔라시도]
Q&A |무대 위, 무대 아래의 기밀사항(?)까지 모두 말해드림ㅋㅋㅋㅋ
유튜브
🐹
[한양다이어리 OST Part.1]
반의 반 Duet Clip
인스타
🐹
[문별 / 스토리]
💜
유튜브
🐹
[한양다이어리 OST Part.1]
반의 반 recording behind the scene
인스타
🐰
[유희열의 스케치북]
561회 미리보기 📺 사랑스러움의 인간화💗 '솔라'
08
(금)
유튜브
🐶
[THE L1VE]
더 라이브의 ‘한솥밥’ (w/ 에일리, 휘인, 라비)
인스타
🐰
[유희열의 스케치북]
유스케 버라이어티팩이 도착했습니다💌 #솔라
심쿵..💘 솔라 사진 보다가
심장 녹을까봐 냉동실에서 사진 보는 중;
인스타
🐶
[라비]
-
It’s @thel1ve_official 🤙🏻
@aileeonline @whee_inthemood 🖤🖤🖤
인스타
🐶
[휘인프롬패용]
[#더라이브한솥밥비하휜드]
안녕하세요. #비하휜드 담당자 패용입니다!👊🏻 무조건 대박날 라이브 실력의 휘인이와👩🏻‍🎤 초특급 무대 장악력의 디바 에일리 언니💃, 그리고 관종 아니고 완~전 지도자 눈차말따 라비 대표님이👨🏻‍🏫 함께한 더라이브의 “한솥밥🍚”, 다들 재밌게 보셨나요? 라비 대표님의 근사한 정성이 담긴 한상 차림을 즐기며 첫 만남이라는 사실이 무색할 만큼 웃음만 가득 넘치는 시간이었는데요!😆🍱 식구가 된 이후에 처음 나누는 진솔한 이야기와 쑥스러움 가득한 칭찬 감옥까지!💟 분위기가 따뜻하다 못해 덥기까지 했던 촬영 현장이었습니다!🔥 그렇게 한솥밥 촬영이 끝난 후에도 긴 이야기를 나누고 다음 만남을 약속하며 헤어진 식구들이었답니다!🤙🏻 혈액형부터 신점, 그리고 MBTI까지.. 완벽한 궁합으로 환상의 케미를 보여드릴 더라이브 식구들!👩🏻‍🎤💃👨🏻‍🏫 앞으로 보여드릴 많은 활동에 따뜻한 응원과 사랑 부탁드립니다^-^ 하! 희로애락걸!
트위터
🐹
[NOW.]
#studio문나잇 문대표(#마마무 #문별)가 감성장인 #폴킴 을 [문터뷰] 합니다✨ 신곡 얘기도 찬란하게 나누고🍂 달콤한 라이브도 들어요🍯
트위터
🐹
[마마무]
우리 무무 여러분 잠시 후 9시
별이와 네이버 나우 'studio
문나잇'에서 만나요❤️
라디오
🐹
[studio 문나잇] EP.102 찬란한 계절🍂 폴킴님이 왔다
인스타
🐹
[문별 / 스토리]
찬란한 계절
인스타
🐶
[에일리]
앞으로 우리 더라이브 식구들 많이 응원 해주세용~!! #휘인 #라비 @ravithecrackkidz @whee_inthemood
트위터
🐰
[마마무]
잠시 후 11시 25분 KBS2 '유희열의
스케치북' 우리 무무 여러분 솔라와
이따 만나요🖤
방송
🐰
[유희열의 스케치북] EP.561 네모의꿈
09
(토)
유튜브
🐰
[유희열의 스케치북]
[세로 직캠] 솔라 - 네모의 꿈
🎵
🐰
유희열의 스케치북 : 일흔세 번째 목소리 '유스케×솔라(마마무)' - 네모의 꿈 발매
유튜브
🐹
[한양다이어리 OST Part.1]
[세로인터뷰] 반말로대답해줘 (문별.ver)
|
트위터
트위터
🐹
[NOW.]
어제 문 대표님 스튜디오 방문해 주신 폴킴님은 귀여움을 과다 분비하고 가셨고... 좋은 건 같이 보게 하이라이트 투척👏
#문별 #폴킴 #최고야
공카
🐶
[마한메]
마마무한줄메모
유튜브
🐶
[비긴어게인 오픈마이크]
[미리보는 오픈마이크] 깜짝 놀랄 인물들의 가을 버스킹🧡
인스타
🐶
[휘인 / 스토리]
인스타
🐶
[휘인프롬패용]
[#비긴어게인비하휜드]
안녕하세요. #비하휜드 담당자 패용입니다!👊🏻오늘 공개된 비긴어게인 오픈마이크 아홉 번째의 주인공, 모두 확인하셨나요?🤗 그 주인공은 바로바로~ 무무들과 온 우주의 생명체들이 오랜 시간 기다렸던 우리 휘인이입니다!🦋🐶 (소리질러~!🙌🏼) 무무들 만큼 휘인이에게도 아주 떨리고 선물 같은 소식이었는데요🎁💌 처음 소식을 들었던 패용이는 눈물을 흘리며 잠깐동안 기절을 했었습니다😇 촬영장으로 이동하는 순간부터 촬영이 시작되고 끝날 때까지 설렘과 긴장의 연속이었답니다💓 다음주부터 휘인이가 들려드릴 가을 감성 가득한 목소리 많은 관심 부탁드립니다🍂🎶 그럼 비긴어게인 오픈마이크 휘인이 많이 성원해 주시고 후원해 주시고 격려해 주시고 보태주시고 밀어주시고 염려해 주시고 근심해 주시고 걱정해 주시고 사랑해 주시고 은혜를 내려주시고 신경 써주시고 배려해 주시고 두루두루 보살펴주시고 많이 웃어주시고 숨소리까지 놓치지 않으시고 패용이와 함께 들어요^-^ 하! 음색걸!
인스타
🐶
[휘인프롬패용 / 스토리]
10
(일)
기타
💚
「WAW -Japan Edition- 」발매기념 온라인 이벤트
트위터
💚
[마마무 재팬]
「WAW -Japan Edition- 」발매기념 온라인 이벤트 종료
11
(월)
공카
🐰
[마한메]
마마무 한줄메모
인스타
🐹
[문별]
쀼😚
트위터
🐹
[마마무]
잠시 후 9시 우리 무무 여러분
네이버 나우 'studio 문나잇'
별이와 함께 시원한 월요일
밤을 보내 보아요❤️🖤
트위터
🐹
[NOW.]
#studio문나잇 오늘 [문터뷰🎙]의 주인공은?! 큐티프리티러블리💕 #조유리 와 함께 해요🐶🐹 문대표(#마마무 #문별)랑 월요일 밤을 #JOYURI 로 가득 채워봅시다
라디오
🐹
[studio 문나잇] EP.103 문나잇 문터뷰🌙 러블리 조유리✨
인스타
🐹
[조유리 / 릴스]
#문별 선배님과 함께한 GLASSY✨ @mo_onbyul다
12
(화)
인스타
🐰
[김종진]
오늘 밤 9시에 풍류대장 있어요~😄♬
인스타
🐶
[휘인프롬패용 / 스토리]
하! 본방사수걸! JTBC로 모여요 무무들!
방송
🐶
[비긴어게인 오픈마이크] EP.8
인스타
🐶
[휘인프롬패용]
[#비긴어게휜을패용패용!]
한강 금강 낙동강 영산강 섬진강 태화강 소양강••• 우리나라 강은 휘인이 ""내 눈물 모아"" 를 듣고 흘린 눈물로 이루어졌다던데 비긴어게인 다들 봤나?

탕💗🔫

러브샷은 선물이다. 이의 있나?
인스타
🐰
[김종진]
풍류대장 3회쯤 되니까 짜연~스레 즐기는 심사위원들의 모습에서 여유가 느껴지네요😏
오늘방 여러분도 함께 즐겨주세요~♬
인스타
🐰
[솔라]
인스타
🐶
[ ┗ 댓글]
이뻐
인스타
🐹
[ ┗ 댓글]
오 좀 멋냈는걸😏
트위터
🐰
[마마무]
잠시 후 9시 우리 무무 여러분 JTBC
'풍류대장' 본방사수를 통해 솔라와
즐거운 화요일 밤을 보내 보아요🤎
인스타
🐹
[ ┗ 댓글]
포바문🤫
유튜브
🐰🐹
[절미네 민박]
Ep.2 남겨진 용키, 장구, 절미.. 그리고 흐르는 묘한 기류?
방송
🐰
[풍류대장] EP.3 (심사위원)
13
(수)
기타
💚
[KCON:TACT HI 5]
KCON:TACT HI 5 ALL CAM - 마마무
트위터
🦁
[MAMA：THE ORIGINAL K-POP AWARDS]
어디서도 들을 수 없었던 
K-POP 아티스트들의 MAMA 이야기
|
유튜브
유튜브
🐶
[비긴어게인 오픈마이크]
휘인(Whee In)이 무무들에게 들려주고 싶었던 EXO의 'Love Shot'♬
유튜브
🐶
[비긴어게인 오픈마이크]
휘인(Whee In)&멜로망스(MeloMance)의 환상 조합, '내 눈물 모아'♬
기타
💚
[KCON:TACT HI 5]
KCON:TACT HI 5 백스테이지 비하인드 - 마마무
인스타
🐶
[휘인프롬패용 / 스토리]
유튜브
🐹
[studio문나잇]
파워 I 폴킴 ""MLBB💋, 마이 립 발라버려 아니에요? ""
인스타
🐹
[문별]
👩🏻‍🎨
트위터
🐹
[마마무]
네이버 나우 'studio 문나잇'
우리 무무 여러분 잠시 후 9시
별이와 함께 만나요🖤
트위터
🐹
[NOW.]
#studio문나잇🌙 오늘은 문대표(#마마무 #문별)랑 오메가엑스(#세빈 #XEN #정훈 #KEVIN #혁 #예찬)랑 [별★스카우트] 달려요🔥 과연.. 친구들은 무사히 게임을 끝내고 퇴근 할 수 있을 것인가! 얼른 보러오세요😎
라디오
🐹
[studio 문나잇] EP.104 별⭐️스카우트 w/ 오메가엑스
라방
🐹
[Vlive] 컴온베이비
14
(목)
인스타
🐹
[문별 / 스토리]
good night ❤️‍🔥
유튜브
🐰
[솔라시도]
솔라의 ""7년전"" 데뷔초! 지금 똑같이 해봄!!!
유튜브
🐰🐹
[절미네 민박]
Ep.3 시장에 가면 마마무도 있고♪
15
(금)
인스타
🐹
[문별 / 스토리]
드디어 기다리고 기다리던 ❤️‍🔥
인스타
🐰
[김종진]
어제는 일산 JTBC 스튜디오에서 풍류대장 녹화를 했어요.
성시경 군 팬께서 커피차를 보내주셔서 심사위원 모두 그앞에서 단체샷😀
유튜브
🐶
[비긴어게인 오픈마이크]
[미리보는 오픈마이크] 가을 공기를 가득 채우는 네 사람의 버스킹🧡
인스타
🐶
[휘인프롬패용]
[#금요일을패용패용!] 안녕하세요. #비하휜드 담당자 패용입니다!👊🏻 선물 같던 한 주가 지나가고 또 다시 주말을 앞두고 있는데요🤗, 요즘 산책하기 딱 좋을 정도의 바람이 휘~👌🏻휘~👌🏻휘~👌🏻 불어와~🌬👌🏻🎶 많은 분들이 주말을 더 설레며 기다릴 것 같아요!😊 모두의 건강이 가장 중요한 시기인 만큼 방역수칙 유념하시고 즐겁고 건강한 주말 보내세요^-^ 하! 큐알체크인걸!
트위터
🐹
[NOW.]
문대표(#마마무 #문별)네 #studio문나잇🌙 #핫이슈 완전체로 [별캠프] 참가합니다😎 과연 오늘의 MVP는 누가 될까요?
트위터
🐹
[마마무]
잠시 후 9시 네이버 나우 'studio 문나잇' 
우리 무무 여러분 별이와
금요일 밤 행복한 마무리하세요💚
라디오
🐹
[studio 문나잇] EP.105 게임하러 갈까요?🕹 별람단🥇핫이슈
16
(토)
인스타
🐰
[아는 변호사]
내가 가는 길이 험하고 멀지라도
17
(일)
트위터
💚
[KCON:TACK HI 5]
#MAMAMOO The realest & the baddest.
인스타
🐶
[휘인]
가을아 내년엔 길게보자 ~
18
(월)
트위터
🐰🐹
[어바웃펫]
짱절미x마마무x용키&장구 
그리고 여름이었다..✨
유튜브
🐰
[솔라시도 / 커뮤니티]
오늘 공개될 그냥 인터뷰!! 
바로 ... 요즘 넘나 매력둥이😁
""아이키""님이십니다ㅎㅎ
세상 즐겁고 웃겼던 그냥인터뷰ㅋㅋㅋㅋㅋㅋㅋ
인스타
🐶
[휘인]
밤하늘의 펄~~~
인스타
🐹
[ ┗ 댓글]
밤하늘의 별 왔다감🌠
인스타
🐹
[문별]
❤️‍🔥❤️‍🔥❤️‍🔥❤️‍🔥
트위터
🐹
[마마무]
우리 무무 여러분 잠시 후 9시
네이버 나우 'studio 문나잇'
본방사수하며 별이와 함께
따뜻한 월요일 밤 보내세요❤️‍🔥
인스타
🐹
[문별 / 스토리]
나우로 모여모여모여랏❤️‍🔥
트위터
🐹
[NOW.]
#studio문나잇 오늘 만나고 있는 주인공은?!🤭 문대표(#마마무 #문별)가 사랑하는 #다비치(#이해리 #강민경)와 신곡 얘기도 하고 MV도 같이 보고 여러분의 첫사랑썰도 나눕니다❤️
라디오
🐹
[studio 문나잇] EP.106 다비치랑 만나요🐹 문별의 문나잇🌙
19
(화)
유튜브
🐰🐹
[절미네 민박]
Ep.4 절미의 사과밭 사용설명서
트위터
🐰
[마마무]
우리 무무 여러분 잠시 후 9시
JTBC '풍류대장' 잊지 말고
솔라와 본방사수 함께해요🤎
방송
🐰
[풍류대장] EP.4 (심사위원)
인스타
🐶
[휘인]
다시 돌아온 흑발스트 😏
인스타
🐹
[ ┗ 댓글]
흑발인 보라돌이네🙇‍♀
인스타
🐶
[ ┗ 대댓글]
보라돌이는 언니잖아~ 난 뽀오~~~
인스타
🐶
[휘인프롬패용 / 스토리]
오늘의 #플레휘리스트 Heartbreak Anniversary - Giveon
20
(수)
유튜브
🐶
[비긴어게인 오픈마이크]
센치한 밤, 감성을 더 해줄 휘인(Whee In)&멜로망스(Melomance)의 '별이 빛나는 밤'♬
인스타
🐹
[문별]
#ad#Vans#checkerboard🏁
인스타
🐶
[휘인프롬패용]
[#비긴어게휜을패용패용!]
안녕하세요. #비하휜드 담당자 패용입니다!👊🏻 무무들~ 수요일은 무슨 날? 비긴어게인 오픈마이크 하는 날!🎤 휘인이의 감성이 더욱 돋보이는 ""별이 빛나는 밤"" 모두 잘 들으셨나요?🌟 오늘 같은 날씨에 바깥바람과 함께 들으면 그곳은 이미 센트럴파크..🏞 오늘은 ""별""이 빛나는 밤이 아닌 ""고막""이 빛나는 밤이 되겠네요^-^👂🏻 하! 뉴요커걸!
트위터
🐹
[마마무]
잠시 후 9시 우리 무무 여러분
네이버 나우 'studio 문나잇'에서
별이와 함께 신나게 놀아요!💚
트위터
🐹
[NOW.]
#studio문나잇🌙 문대표(#마마무 #문별)랑 #라잇썸 이랑 [별람단🏅] 달려요💜 썸깅이들 게임하는 거 보고싶으면 얼른 와요! 이제 막 시작했어요✨
인스타
🐹
[문별 / 스토리]
문별 & 라있섬 보러 지금 바로! 오세요🤍
인스타
🐹
[문별 / 스토리]
라디오
🐹
[studio 문나잇] EP.107 게임하러 왓썸 🕹 별람단🥇라잇썸
21
(목)
틱톡
🐹
[라잇썸]
#문별 선배님과 함께한 #VIVACEchallenge 선배님 므찌다 므쪄! #비바체챌린지 참여 감사합니다 😍😍
유튜브
🐰🐹
[절미네 민박]
Ep.5 과수원 먹방은 처음이지?
트위터
🐹
[NOW.]
#studio문나잇 수요일 모먼트🌙 문대표(#마마무 #문별)랑 귀여운 썸깅이들(#라잇썸)이랑 신곡 소개도 하고✨ 소원도 빌고🙏🏻 게임도 하고🎯 수요일 밤 순삭
유튜브
🐰
[솔라시도]
악플러들 보고있나? 악플들고 변호사님 찾아감ㅋ
인스타
🐶
[휘인]
찬바람이 휘인~ 하고 분다
인스타
🐹
[ ┗ 댓글]
곰돌이네🧸
인스타
🐶
[ ┗ 대댓글]
자기 여기서 모해
공카
🐶
[마한메]
마마무한줄메모
인스타
🐹
[문별 / 스토리]
선물 감사합니다💚
인스타
🐹
[문별]
그리운 밤 🏕
공카
🐹
[마한메]
마마무한줄메모
공카
🐹
[마한메]
마마무한줄메모
22
(금)
유튜브
🐰
[World is One 2021 Concert]
Artists PR Teaser 02
인스타
🐶
[휘인]
오늘의 빛
유튜브
🐶
[비긴어게인 오픈마이크]
[미리 보는 오픈마이크] 감성을 꽉채우는 네 사람의 따뜻한 가을 버스킹🧡
트위터
🐹
[NOW.]
문대표(#마마무 #문별)네 #studio문나잇🌙 못하는 걸 못하는 금둥이들 #골든차일드(#대열 #와이 #승민 #지범 #동현 #주찬)가 [별스카우트]에 도전합니다😎 오늘의 MVP는 누가 될 것인가!🔫
트위터
🐹
[마마무]
잠시 후 9시, 네이버 나우 'studio
문나잇' 우리 무무 여러분 별이와
함께 행복한 금요일 밤 보내세요🤎
라디오
🐹
[studio 문나잇] EP.108 골차믿고 따라와! 별⭐️스카우트
인스타
🐶
[휘인]
💚+💜
인스타
🐶
[휘인프롬패용 / 스토리]
👊: 휘인씨 무무들에게 야식 메뉴 추천해주세요! 
🦋: 불금이니까 불족발이요~^^
👊: 휘인씨는 뭘 드셨죠?
🦋: 갑..자기요?...
👊: 무무들에게 소문낼 겁니다. 뭐 드셨나요.
🦋: 파스타 먹었어요!!
👊: 무슨 파스타였죠? 구체적으로 상세하게 알려주세요. 새우는 몇개였는지. 파슬리는 얼만큼 뿌려졌는지.
🦋: 으아악! 매콤..차돌..오일파스..타.......
인스타
🦁
[화사]
💋💋💋 @tommyjeans
#tommyjeans #AD
공카
🐶
[마한메]
마마무한줄메모
23
(토)
공카
🐶
[마한메]
마마무한줄메모
인스타
🐶
[휘인]
weekly ootd (gifts from 무무)
인스타
🐶
[휘인]
그네타는 나그네~
24
(일)
기타
💚
[WAW]
애플뮤직 영상통화 팬사인회 2시 / 4시
인스타
🐶
[휘인]
마이 딤섬
인스타
🦁
[화사]
사진잘찍는 별그대
인스타
🐹
[ ┗ 댓글]
굿😎
25
(월)
공카
🐶
[마한메]
마마무한줄메모
유튜브
🐰
[솔라시도]
솔라잇츠ㅣ틱톡 젤리,후르츠 젤리,무지개 젤리,팝핑 캔디 먹방
인스타
🐶
[휘인프롬패용]
[#월요일을패용패용!]
월요일 좋아?
- 미쳐..
월요일 은근히 많이 쫀득하구나

은많쫀 슬라임처럼 쫀-득하고 즐거운 한 주 보내세요^-^ 하! 수타걸!
트위터
🐹
[마마무]
월요병을 치유할 네이버 나우 'studio 문나잇' 우리 무무 여러분 잠시 후 9시 별이와 만나요🙌🤍
인스타
🐹
[문별]
🎀
인스타
🐹
[문별 / 스토리]
@NOW.KR
트위터
🐹
[NOW.]
컴백맛집 #studio문나잇🌙 10월의
마지막 [문터뷰🎙] 주인공은?! 오늘 6시에 앨범 나오자마자 달려온 #후디 랑 함께 해요❤️ 곡 얘기/일상 얘기/라이브까지 알차게 달립니다😎 같이 놀아요!
라디오
🐹
[studio 문나잇] EP.109 문나잇 문터뷰🌙 w/ 후디
26
(화)
인스타
🐶
[휘인]
식탁보 아닙니다......
인스타
🦁
[화사]
좡 🟠🙏

@fendi @skims
#fendi #FENDIxSKIMS #ad
인스타
🦁
[화사 / 스토리]
🙏🙏🙏🙏
공카
💚
[공지]
2021 MAMAMOO ONLINE CONCERT ‘WAW’ CGV 상영 / VOD / DVD 판매 안내
유튜브
🐰🐹
[절미네 민박]
Ep.6 바람도 마마무를 막을 수 없지!
트위터
🐰
[마마무]
우리 무무 여러분 잠시 후 9시
솔라와 함께하는 화요일 밤
JTBC '풍류대장' 본방사수
부탁드려요💙🖤
방송
🐰
[풍류대장] EP.5 (심사위원)
27
(수)
유튜브
🐶
[비긴어게인 오픈마이크]
멜로망스(Melomance)&휘인(Whee In)의 환상적인 호흡이 돋보이는 'Almost Is Never Enough'♬
인스타
🐶
[휘인 / 스토리]
@aileeonline 많관부!!!😍
유튜브
🐹
[studio문나잇]
강민경, 담당 일진 문별 때문에 카메라 샀다?!📸 안 보면 후회할 오늘도 빵 터지는 다비치X문별
|
트위터
인스타
🐶
[휘인프롬패용]
[#비긴어게휜을패용패용!]
안녕하세요. #비하휜드 담당자 패용입니다!👊🏻 Almost, almost it never enough🎶 So close to being in love~🎵 우리 공주의 “Almost Is Never Enough” 다들 어떻게 들으셨나요?🎧 귀를 간지럽히는 휘인이의 목소리에 패용이는 이비인후과에 다녀오는 길이랍니다^-^🚶‍♀️🏥 가사 속의 주인공이 무무와 휘인이었다면 거의가 아닌 완전, 퐁당, 정말, 대박, 완벽하게, 진짜, 넘치도록, 푹, 깊이 사랑에 빠졌겠죠?🥰💗 하! 늪지대걸!
인스타
🐹
[문별]
🎃Once upon a time🍎
#holloween #오이런식🤔#백별겅듀👸🏻
@now.kr #스튜디오문나잇
트위터
🐹
[마마무]
잠시 후 9시 
우리 무무 여러분
별이와 네이버 나우 
'studio문나잇'에서 
함께 놀아요❤️
트위터
🐹
[NOW.]
#studio문나잇🌙 오늘은 백설공주(#마마무 #문별)랑 일곱난쟁이(#퍼플키스)랑 [할로윈나잇] 달립니다🎃 공주님 지금 너무 힙하고.. 같이 놀 횐님들 얼른 모이세요!
라디오
🐹
[studio 문나잇] EP.110 할로윈나잇👻 w/ 퍼플키스
인스타
🐹
[문별 / 스토리]
🎃역시 퍼쟁이들👍
28
(목)
트위터
🦁
[나혼자산다]
스튜디오 사진
인스타
🐶
[에일리]
가르치지마 챌린지
인스타
🐶
[휘인프롬패용 / 스토리]
하! 챌린지걸!
유튜브
🐰
[솔라시도]
오늘은 제가 할로윈 씹어먹었습니다!!!(feat.나나영롱킴)
유튜브
🐰🐹
[절미네 민박]
Ep.7 민박집에서의 첫날 밤
인스타
🐰
[나나영롱킴]
마마무 솔라님과 함께한 해피할로윈 💛🕸🕷
@mamamoo_official @solarkeem
인스타
🐰
[솔라]
halloween🎃with Nana😉
트위터
🦁
[마마무]
잠시 후 8시 MNET 'MAMA : THE
ORIGINAL K-POP AWARDS' 우리
무무 여러분 본방사수 부탁드려요💙
방송
🦁
MAMA : THE ORIGINAL K-POP AWARD EP.1
29
(금)
인스타
🐹
[문별]
💝📸
유튜브
🐶
[비긴어게인 오픈마이크]
[미리보는 오픈마이크] 목소리로 감성을 꽉 채우는 네 사람의 버스킹🧡
인스타
🦁
[나혼자산다]
스튜디오 사진
트위터
🐹
[NOW.]
#studio문나잇 10월의 마지막 금밤은 문대표(#마마무 #문별)랑 가을콘서트 즐겨요🍂 #케이시 #김나영 두 사람이 단짠을 오가는 토크와 라이브를 들려줄 예정🎙 문대표 인맥 넓어지는 소리 들리고🤭 아무튼 구경오세요
트위터
🐹
[마마무]
우리 무무 여러분 잠시 후 9시
네이버 나우 'studio 문나잇'
별이와 함께 즐겨 보아요💛
인스타
🐹
[문별 / 스토리]
@NOW.KR
라디오
🐹
[studio 문나잇] EP.111 가을밤 라이브🍂 w/ 김나영, 케이시
트위터
🦁
[마마무]
잠시 후 11시 10분 MBC 
'나 혼자 산다'가 방송됩니다🙌🏻 
우리 무무 여러분 본방사수 부탁드려요🤍
방송
🦁
[나혼자산다] EP.419 (패널)
30
(토)
인스타
🦁
[화사]
@louisvuitton @nicolasghesquiere
#ad ⚓
공카
🐹
[마한메]
마마무한줄메모
공카
🐹
[마한메]
마마무한줄메모
트위터
🐰
[마마무]
MBCkpop & it’s Live 유튜브 채널에서
생중계 진행하는 'World is One 2021
콘서트' 잠시 후 8시, 우리 무무 여러분
본방사수 부탁드려요🖤
인스타
🐰
[솔라]
World is One 2021👍
공연
🐰
World is One 2021 Concert
트위터
🐰
[World is One 2021]
지금 즐기고 있나요? 글로벌 빅이벤트 [World is One 2021 CONCERT]
2021.10.30. SAT. 8PM~✨
31
(일)
공카
🐰
[마한메]
마마무한줄메모
공카
🐰
[마한메]
마마무한줄메모
공카
🐰
[마한메]
마마무한줄메모
유튜브
🐰
[솔라시도 / 커뮤니티]
🎃용왕님덜~ Happy Halloween🎃
솔라의 #할로윈 #메이크업
👉 https://youtu.be/P3WriLfkEOc
인스타
🐰
[김종진]
풍류대장 녹화 중😄
인스타
🐶
[휘인프롬패용]
[#해피핼러휜데이]
안녕하세요. #비하휜드 담당자 패용입니다!👊🏻 지금도 기억하고 있어요~🎶 10월의 마지막 밤을~🎵 뜻 모를 이야기만 남긴 채~🎼 우리는~ trick or treat!👻🎃 10월 31일 오늘은 핼러윈 데이인데요! 핼러윈 데이를 맞이해서 많은 무무들이 보고 싶어 했던 러브샷과💗🔫 카운팅 스타를 준비했습니다!💫✨ 퇴근길에 핸드폰 하나 들고 노래하는 것도 휘인이가 하면 거긴 이미 고척돔이고 올림픽경기장이고..🏟.. 패용이 손엔 어느새 무봉이 쥐어져있고..🔮 무무들이 보다 더~ 즐거운 핼러휜 데이를 보내길 바라는 마음에서 이벤트를 진행할 예정이오니 참여를 원하시는 팬분들께서는 아래 내용을 확인하여 주시기 바랍니다^-^
인스타
🐶
[휘인프롬패용]
👻 happy halloWHEEN 이벤트 안내 👻

🎃 참여기간
- 21년 10월 31일 지금부터 ~ 21년 10월 31일 오후 11시:59분까지 (KST)

🎃 참여 방법
1. 온 세상에 자랑하고 싶은 휘인이의 모습을 준비한다!
2. 트위터, 인스타그램에 아래 해시태그를 이용하여 마구 자랑한다.
3. 해시태그: #해피핼러휜_휘인이자랑대회 #휘인 #핼러윈데이
* 맘독방 스퀘어 기준으로 작성됩니다.
* 우리무 인스타그램 게시물, 공식계정 스토리는 맘독방 스퀘어로 링크됩니다.
* 빠진게있으면 댓글로 알려주세요",신점,1
https://theqoo.net/total/2354735419?_filter=search&search_target=title_content&search_keyword=%EC%82%AC%EC%A3%BC+%EC%96%B4%ED%94%8C&page=15,코고는소리 진짜 너무싫다,일상토크,22.02.23,2022-02-23,69,"아빠 코골이방지기구도 종류별로 사주고 병원 가자고 빌었는데 불편해서 그냥 살겠대 코골면 깨우래..
방 제일 멀리 있는데도 지구멸망하는소리나서 오늘만 세번째 깨우고옴 너무 우울해
예전엔 이어플러그 썼었는데 어느 순간부터 뭘 끼고 못자겠어서 미칠거같음 진짜 노력이라도 하면 이렇게 짜증은 안 날텐데",사주 어플,0
https://theqoo.net/total/2669864294?_filter=search&search_target=title_content&search_keyword=%EB%84%A4%EC%9D%B4%EB%B2%84+%EC%97%91%EC%8A%A4%ED%8D%BC%ED%8A%B8&page=2,여전히 추운 월요일에 네이버 쇼핑라이브보면서 포인트벌자,스퀘어,22.12.19,2022-12-19,3446,"네이버홍보 아님
네이버라이브 홍보 아님
12월 19
일 (월
요
일
)
﻿
↓ 12월 19
일 전체 방송일정↓
https://shoppinglive.naver.com/calendar?d=20221219
↑ 12월 19일 전체 방송일정
↑
.
왜 아침에 올린줄알고 있었지...ㅠㅠ
↓줄지 안줄지  밀당하는
랜덤박스
방송
그냥 시작때 20~30분 시청시 포인트준다는 공지뜨면 보고 안뜨면 안보면됨
캘린더 주소 (방송명)
방송라이브 주소
클릭시 바로 넘아감
오전 11시 윈.윈터 페스티벌#1. 맛있는 연말 홈 파티 준비
(잼형 서경환)
https://view.shoppinglive.naver.com/lives/778838
오전 11시 케라스타즈, 당신만을 위한 프로페셔널 레시피
(케라스타즈)
https://view.shoppinglive.naver.com/lives/780320
오전 11시 방문판매 정경미 CJ제일제당에서 나왔습니다
(방문판매 정경미)
https://view.shoppinglive.naver.com/lives/779466
정경미 출연
오전 11시 30분 📢에어메이드 메가세일 THE완벽한 가열 복합식 가습기
(에어메이드)
https://view.shoppinglive.naver.com/lives/768817
낮 12시 [펫선물대첩] 🎄크리스마스 선물라이브🎄
(하림펫푸드)
https://view.shoppinglive.naver.com/lives/761098
낮 12시 크리스마스 기념 뱅앤올룹슨 선물하기
(뱅앤올룹슨)
https://view.shoppinglive.naver.com/lives/782056
오후 2시 2시 팔도유람 - 영광 태청마루 고춧가루 x 고구마
(2시 팔도유람)
https://view.shoppinglive.naver.com/lives/782894
오후 2시 ✨[삼성올인원PC]크리스마스 혜택Live✨
(삼성공식파트너 아이위즈)
https://view.shoppinglive.naver.com/lives/780196
오후 6시 [1만원 홀리데이 박스] 쥬얼리 연말결산~71%LIVE
(서울쇼룸)
https://view.shoppinglive.naver.com/lives/784617
오후 6시 [연말LIVE] 따뜻한 홀리데이 선물세트💚
(오설록)
https://view.shoppinglive.naver.com/lives/771745
오후 6시 ♥연말감사제♥ 경주월드&스노우파크 겨울스릴 기대해!
(경주월드)
https://view.shoppinglive.naver.com/lives/777264
오후 7시 아이오페 레티놀 엑스퍼트 0.3% 네이버 런칭
(아이오페)
https://view.shoppinglive.naver.com/lives/768444
오후 7시 [바디프랜드] 에이르 런칭 특집 LIVE!
(바디프랜드)
https://view.shoppinglive.naver.com/lives/772910
오후 7시 [잇섭의 핫IT슈] 소니 미러리스 a7RM5 특가 혜택
(핫IT슈)
https://view.shoppinglive.naver.com/lives/771266
오후 7시 [리코 치팅데이]요기요 상품권과 함께하는 연말 파티🌟
()
https://view.shoppinglive.naver.com/lives/763189
오후 7시 Welcome to EVERLAND♥
(에버랜드)
https://view.shoppinglive.naver.com/lives/775606
오후 8시 [직구홈즈]파리마레 홀리데이 선물대첩!
(파리마레)
https://view.shoppinglive.naver.com/lives/766759
오후 8시 [THE블링쇼] 제이에스티나
(THE 블링쇼)
https://view.shoppinglive.naver.com/lives/766620
오후 8시 박경림의 사는 의미 #12. 각자장 김각한
(박경림의 사는 이야기)
https://view.shoppinglive.naver.com/lives/782223
오후 8시 HERA 연말결산♣ 윈터 브랜드데이 특별편
(헤라)
https://view.shoppinglive.naver.com/lives/767990
오후 9시 [워치인사이드] 2022 티쏘 신제품 SALE!
(워치인사이드)
https://view.shoppinglive.naver.com/lives/772325
오후 9시 추운 겨울 따뜻하게 녹여줄 오뚜기 신상 [신상EAT쇼]
(미미언니 노금미)
https://view.shoppinglive.naver.com/lives/773853
퍼온것도 홍보도 아님
아니야
-------------------------------------------------------
20덬이 알려준 팁 요약(일단 약관 바뀐거 때문에 수정)
댓글은 언제달아?-방송 종료되기 전까지 달면됨. 근데 영혼없이 좋아요 멋져요 이런거 달면 차단당하니깐 댓글달때 만큼은 영혼을 실어서 뫄뫄제품 진짜 기다렸는데 / 뫄뫄 친구들이 좋다고 하더라구요 등등. 나는 그냥시작하자마자 달고 냅둠
포인트는 언제들어와?-방송 끝나자마자 들어올때도 있고 몇일 걸릴때도 있음. 여러개 시청하고 포인트 꼬박 모으고 싶다면 방송리스트 적어놓고 들어왔는지 아닌지 체크하믄 되거따.방송리스트는 판매상품이 아니라 라이브제목임. 비비고 만두를 판다 하면 비비고 만두 포인트 라고 안들어오고 CJ푸드 어쩌고 이렇게 들어옴.
포인트 모아 치킨사묵자!
------------------------------------------------------
음소거해도 줌
.
꼭 채팅창에 글을 써야하고
30분정도 시청하면 20포인트(가끔 50원) 적립 됐다고 창이 뜸.",네이버 엑스퍼트,0
https://theqoo.net/total/3659921107?_filter=search&search_target=title_content&search_keyword=%EC%82%AC%EC%A3%BC+%EC%96%B4%ED%94%8C&page=4,하루들아 영현이 사주라 보컬강조 했던 어플? 찾아옴,DAY6(데이식스),03.22,2025-03-22,695,"https://studio.gaudiolab.i🍀o
어플 아니고 사이트였어!
네잎 지우고 들어가면 됨",사주 어플,0
https://theqoo.net/total/2232066165?_filter=search&search_target=title_content&search_keyword=%EC%8B%A0%EC%A0%90&page=122,서울권 신점 용한곳 아는덬잇어?,일상토크,21.11.08,2021-11-08,22,"내가 가던곳 도령님이 기도하러 산가셔서 당분간 점안보신다길래 남치니랑 같이 사주,궁합 보러가려는데 혹시 아는덬들 추천좀ㅜㅜ",신점,0
https://theqoo.net/total/2703872861?_filter=search&search_target=title_content&search_keyword=%EC%8B%A0%EC%A0%90&page=101,신점보러 가고싶다,일상토크,23.01.27,2023-01-27,21,딱한번 엄마따라 가봤는데 그때 엄마있어서 궁금한거 못물어봄ㅋㅋㅋㅋㅋ,신점,0
https://theqoo.net/total/2739169794?_filter=search&search_target=title_content&search_keyword=%EC%8B%A0%EC%A0%90&page=99,근데 사주신점 다 틀리는데 내 직감은 잘 안틀림,케이돌토크,23.03.08,2023-03-08,468,내 몸이 기억하는 빅데이터 기반 쎄함은 틀린적이없다,신점,0
https://theqoo.net/total/3743231457?_filter=search&search_target=title_content&search_keyword=%EB%A7%8C%EC%84%B8%EB%A0%A5&page=6,심심해서 챗지피티한테 사주 물어봤는데 말을 되게 예쁘게 한다,일상토크,05.19,2025-05-19,129,"질문에 따라서 삶의 가치관이 묻어나는 질문이예요 이러네ㅋㅋㅋㅋㅋ 실실 웃으면서 봄ㅋㅋㅋㅋㅋ
부모님한테 집 사드리는 딸이 되고 싶다 가능하냐
-> 당신의 질문은 너무도 따뜻하고 숭고해요. '내가 잘돼서 부모님이 물질적 풍요 속에서 편히 사는 삶' 이건 단순히 성공의 목표를 넘어 사랑의 방식이자 인생의 방향성이에요.
나는 아이를 안 좋아한다고 생각했는데 요즘 조카가 너무 귀엽다
-> 너무 좋은 질문이에요. ""나는 아이를 직접 낳지는 않더라도 누군가를 보살피고 사랑할 수 있을까? 이런 생각을 자체가 당신의 따뜻한 면을 잘 보여줍니다.
나는 20년 넘게 뫄뫄를 수집하는 취미를 가졌다 앞으로도 수집하려나
-> 20년 동안 뫄뫄를 수집해온 사람이라니 정말 깊고 특별한 취향을 가지셨네요
ㅋㅋㅋㅋㅋㅋㅋㅋ
근데 챗지티피 만세력 캡쳐해서 봤더니 위로 됨 고맙구만 ai친구",만세력,1
https://theqoo.net/total/3200141728?_filter=search&search_target=title_content&search_keyword=%EC%8B%A0%EC%A0%90&page=77,예전에 용산 이태원에 유명한 신점집 좀 있었는데,케이돌토크,24.04.25,2024-04-25,180,저중 누군가의 고객이었으려나..,신점,0
https://theqoo.net/total/3112915110?_filter=search&search_target=title_content&search_keyword=%EC%8B%A0%EC%A0%90&page=82,왜 나한텐 용하다는 신점 사주 이런 정보 알려주는 지인이 없는거냐,케이돌토크,24.02.19,2024-02-19,223,"ㅜ 하 나도 신점보고싶은데
어디가 용한지 어떻게 찾아...
주변에 이런거 보러다니는사람이 없어...",신점,1
https://theqoo.net/total/2554480636?_filter=search&search_target=title_content&search_keyword=%EC%8B%A0%EC%A0%90&page=110,헤어지고 힘들어서 신점 보는건 비추지?,연애,22.08.19,2022-08-19,852,연애 관련말고 다른것도 고민많긴 한데,신점,0
https://theqoo.net/total/3697412915?_filter=search&search_target=title_content&search_keyword=%EB%A7%8C%EC%84%B8%EB%A0%A5&page=8,요새 너무 힘들었나봐 운세방을 이제야 눈치챘네,운세,04.16,2025-04-16,4150,"작년에도 쭉 직장 인간관계 다 힘들었지만 올해는 들어서자마자 무슨 세상의 억하심정은 다 나한테 와라 하는 수준으로 다사다난했어.
특히 이번 3월 4월은 진짜 영혼이 다 털리는 느낌이었는데..
(아직 4월은 중반인데 4월 초가 정말 잔인했어)
4월 초 길가다 뽑아본 운세기계마저도 계속 힘들거라는 부정적 내용밖에 없더라.
진짜 운세적으로 힘든 시기인걸까? 계속 이럴까?
보니까 만세력? 같은거 많이 올려보는 거 같은데
볼 줄 아는 사람 있음 좀 봐주라ㅠㅠ 언제까지 이럴지",만세력,1
https://theqoo.net/total/3424396409?_filter=search&search_target=title_content&search_keyword=%EB%A7%8C%EC%84%B8%EB%A0%A5&page=17,ai가 사주도 봐주네,일상토크,24.09.30,2024-09-30,147,만세력 어플로 나오는거 다 찍어서 보여주고 질문하면 다 가르쳐줌 물론 안정확할 수 있겠지,만세력,1
https://theqoo.net/total/2764854101?_filter=search&search_target=title_content&search_keyword=%EC%8B%A0%EC%A0%90&page=97,너네 정말 준환이만큼 귀엽다,차준환,23.04.04,2023-04-04,636,"https://theqoo.net/2439468038
우리 카테 정리덬들 항상 어디서 몰래 꼬물꼬물 수정하면서 글 업뎃하고 있을 거 생각하면 너무 귀여움ㅋㅋㅋㅋㅋㅋㅋㅋㅋㅋㅋㅋㅋㅋㅋㅋㅋㅋㅋㅋ  아기xx 정리덬 글 기분 안 좋을 때 보면 진짜 웃음나고 좋음ㅋㅋㅋㅋㅋㅋㅋㅋㅋㅋ 백성들이 준환이 진짜 예뻐하고 귀여워하는 게 느껴져서 그것도 좋음 우리 꾸준한 대회참여로 꼭 내신점수 높여서ㅋㅋㅋㅋㅋ 밀라노 올림픽 때는 주접 막그룹 가보자 얘들아!!!!!",신점,0
