cafe_name,keyword,title,author,date,views,link,body
디젤매니아,gpt 사주,Gpt로 사주도 봐주나요??,악,2025.02.19.,580.0,https://cafe.naver.com/f-e/cafes/11262350/articles/45375906?boardtype=L&userDisplay=50&referrerAllArticles=true&inCafeSearch=true&query=gpt%20%EC%82%AC%EC%A3%BC&art=aW50ZXJuYWwtY2FmZS1hcnRpY2xlLXJlYWQtaW5DYWZlLXNlYXJjaC1saXN0.eyJ0eXAiOiJKV1QiLCJhbGciOiJIUzI1NiJ9.eyJjYWZlVHlwZSI6IkNBRkVfSUQiLCJhcnRpY2xlSWQiOjQ1Mzc1OTA2LCJpc3N1ZWRBdCI6MTc2MTU1NzgwOTI3MCwiY2FmZUlkIjoxMTI2MjM1MH0.czRazUKzDXC5mS7n7fcN8ccMXo_BR7xF8H797NZk8AE&page=1,한번 보려고 하는데 어떻게 해야 하나요??
디젤매니아,사주,"사주) 양인살, 칼 있는 사주",피넛콩,2024.05.05.,0.0,https://cafe.naver.com/f-e/cafes/11262350/articles/43829571?boardtype=L&userDisplay=50&referrerAllArticles=true&inCafeSearch=true&query=%EC%82%AC%EC%A3%BC&art=aW50ZXJuYWwtY2FmZS1hcnRpY2xlLXJlYWQtaW5DYWZlLXNlYXJjaC1saXN0.eyJ0eXAiOiJKV1QiLCJhbGciOiJIUzI1NiJ9.eyJjYWZlVHlwZSI6IkNBRkVfSUQiLCJhcnRpY2xlSWQiOjQzODI5NTcxLCJpc3N1ZWRBdCI6MTc2MTU2MjAwMTU0NSwiY2FmZUlkIjoxMTI2MjM1MH0.kGhd4G3IhChp1JozqGTpy3zip8TKIfvjjRa5RPeC_aY&page=8,"※ 상기 유머방 규정 숙지 및 참여 부탁합니다.
​
​
​
​"
레몬테라스,운세,네이버운세에서  로또사라는데,바른생활어른잉,2020.01.09.,323.0,https://cafe.naver.com/f-e/cafes/10298136/articles/25822890?boardtype=L&userDisplay=50&referrerAllArticles=true&inCafeSearch=true&query=%EC%9A%B4%EC%84%B8&art=aW50ZXJuYWwtY2FmZS1hcnRpY2xlLXJlYWQtaW5DYWZlLXNlYXJjaC1saXN0.eyJ0eXAiOiJKV1QiLCJhbGciOiJIUzI1NiJ9.eyJjYWZlVHlwZSI6IkNBRkVfSUQiLCJhcnRpY2xlSWQiOjI1ODIyODkwLCJpc3N1ZWRBdCI6MTc2MTY1NTY0NzcwNSwiY2FmZUlkIjoxMDI5ODEzNn0.KgxawV-szIUa5yTUGPIPFKlSsujBVTfTFY6biVrjpKA&page=13,"이전글
다음글
목록
쫑알쫑알 게시판
네이버운세에서  로또사라는데
인기멤버
바른생활어른잉
여신
1:1 채팅
2020.01.09. 23:34
조회 323
댓글
0
URL 복사
URL이 복사되었습니다. 원하는 곳에 붙여 넣으세요.
이 글은 검색 비허용 게시물입니다.
게시물을 확인하기 위해서는 가입이 필요합니다. 이 카페의 멤버가 되어보세요.
카페에 가입하면 바로 글을 볼 수 있어요!
301.5만명의 멤버와 함께하는
레몬테라스 [인테리어,리폼,DIY,요리,결혼,육아,커뮤니티]
에
가입해 보세요.
셀프 집꾸미기,인테리어,리폼,diy,요리,결혼,임신,출산,육아,여성,재테크, 커뮤니티, 생활 전반 카페입니다
가입하면 1,471.8만개의 글을 볼 수 있어요
어제 8.5만명이 방문했어요
최근 일주일 동안 634명이 가입했어요
10초 만에 가입하기"
레몬테라스,사주,[연예]박수홍 엄마 사주,벨로아,2023.10.16.,0.0,https://cafe.naver.com/f-e/cafes/10298136/articles/31299904?boardtype=L&userDisplay=50&referrerAllArticles=true&inCafeSearch=true&query=%EC%82%AC%EC%A3%BC&art=aW50ZXJuYWwtY2FmZS1hcnRpY2xlLXJlYWQtaW5DYWZlLXNlYXJjaC1saXN0.eyJ0eXAiOiJKV1QiLCJhbGciOiJIUzI1NiJ9.eyJjYWZlVHlwZSI6IkNBRkVfSUQiLCJhcnRpY2xlSWQiOjMxMjk5OTA0LCJpc3N1ZWRBdCI6MTc2MTYxNTAxNjY2MCwiY2FmZUlkIjoxMDI5ODEzNn0.H8kN1qhbb8dEfsh1HHiXISAU4aaR9WBamEg9PTPm9L0&page=19,"돌아 댕기다가 인스타서  퍼왔는데 여기 점집 대박 . ㅎ 예전 방송분인가 봐요. 뭔가 재미로 물어 보고 싶긴 하네요.
​"
레몬테라스,사주,저도 사주 봐주실수있나요,loveyou,2021.01.31.,458.0,https://cafe.naver.com/f-e/cafes/10298136/articles/27413794?boardtype=L&userDisplay=50&referrerAllArticles=true&inCafeSearch=true&query=%EC%82%AC%EC%A3%BC&art=aW50ZXJuYWwtY2FmZS1hcnRpY2xlLXJlYWQtaW5DYWZlLXNlYXJjaC1saXN0.eyJ0eXAiOiJKV1QiLCJhbGciOiJIUzI1NiJ9.eyJjYWZlVHlwZSI6IkNBRkVfSUQiLCJhcnRpY2xlSWQiOjI3NDEzNzk0LCJpc3N1ZWRBdCI6MTc2MTYxNTE0MDg3NiwiY2FmZUlkIjoxMDI5ODEzNn0.bOzNRJK0GK5Ux8G-y5n9pUE_oXgru5kE1Pvow3jl_5U&page=36,"무슨말인지1도모르겠네요
좀봐주세요
감사합니다"
디젤매니아,운세,다들 신년운세 보셨나요 ㅎㅎ,무지좋아,2024.01.05.,0.0,https://cafe.naver.com/f-e/cafes/11262350/articles/43074952?boardtype=L&userDisplay=50&referrerAllArticles=true&inCafeSearch=true&query=%EC%9A%B4%EC%84%B8&art=aW50ZXJuYWwtY2FmZS1hcnRpY2xlLXJlYWQtaW5DYWZlLXNlYXJjaC1saXN0.eyJ0eXAiOiJKV1QiLCJhbGciOiJIUzI1NiJ9.eyJjYWZlVHlwZSI6IkNBRkVfSUQiLCJhcnRpY2xlSWQiOjQzMDc0OTUyLCJpc3N1ZWRBdCI6MTc2MTU4NzEzMjQ4OSwiY2FmZUlkIjoxMTI2MjM1MH0.s2uXQ9tvvbk8BiNiclAHIDg54Ee_aK4slvBwiFJ42GY&page=13,"​
사주 내용은 퐁 🫶
​
​
​
여러 조언을 들었지만 제일 와닿았던건
책을 부적처럼 여기라는 말씀이었는데요
이건 저도 여기 모든 횐님들께 추천드리고 싶어요
​
모든 사업가들은 결국 인문학자들이다 라고,,,
사람을 이해하고 이해시키고
다루고 움직일수 있는 힘이 있어야
돈도 벌 수 있는거겠죠
나아가 사회를 만들고 문화를 만들수 있으면
그만한 가치가 있는 사업이 또 있을까요 ㅎㅎ
​
(그런 의미에서 전 21세기를 위한 21가지 제언을 읽기 시작했는데 같이 읽으실분!)
​
횐님들 사주 후기도 궁금해요 알려주세용 ㅎㅎ
​
​
​
​
​"
레몬테라스,운세,재미로 보는 오늘의 운세 29일 화요일,오호라오호라,2020.12.29.,144.0,https://cafe.naver.com/f-e/cafes/10298136/articles/27278121?boardtype=L&userDisplay=50&referrerAllArticles=true&inCafeSearch=true&query=%EC%9A%B4%EC%84%B8&art=aW50ZXJuYWwtY2FmZS1hcnRpY2xlLXJlYWQtaW5DYWZlLXNlYXJjaC1saXN0.eyJ0eXAiOiJKV1QiLCJhbGciOiJIUzI1NiJ9.eyJjYWZlVHlwZSI6IkNBRkVfSUQiLCJhcnRpY2xlSWQiOjI3Mjc4MTIxLCJpc3N1ZWRBdCI6MTc2MTY1NTYxOTgzNiwiY2FmZUlkIjoxMDI5ODEzNn0.5JV8_l_zdLAJWfws1NRrKK2MxUvXCZYdagVRmgbCPVE&page=10,"오늘의 운세 띠별운세 12월 29일 화요일 금전지수
오늘의 운세 띠별운세 12월 29일 [음력  11월  15일]  일진:  병오(丙午) 〈쥐띠〉   84년생 남의 말에 휘...
m.blog.naver.com"
레몬테라스,운세,재미로 보는 오늘의 운세 24일 불금요일,오호라오호라,2020.07.24.,198.0,https://cafe.naver.com/f-e/cafes/10298136/articles/26688854?boardtype=L&userDisplay=50&referrerAllArticles=true&inCafeSearch=true&query=%EC%9A%B4%EC%84%B8&art=aW50ZXJuYWwtY2FmZS1hcnRpY2xlLXJlYWQtaW5DYWZlLXNlYXJjaC1saXN0.eyJ0eXAiOiJKV1QiLCJhbGciOiJIUzI1NiJ9.eyJjYWZlVHlwZSI6IkNBRkVfSUQiLCJhcnRpY2xlSWQiOjI2Njg4ODU0LCJpc3N1ZWRBdCI6MTc2MTY1NTYzODc5MSwiY2FmZUlkIjoxMDI5ODEzNn0.A_gS5ms6YoC1-gCOKOd1jDtgB7UeYE6ni0METozDR4M&page=12,"이전글
다음글
목록
쫑알쫑알 게시판
재미로 보는 오늘의 운세 24일 불금요일
인기멤버
오호라오호라
1:1 채팅
2020.07.24. 07:27
조회 198
댓글
0
URL 복사
URL이 복사되었습니다. 원하는 곳에 붙여 넣으세요.
카페 캘린더 레이어
이 게시글을 카페 캘린더에서 제외하시겠습니까?
확인
취소
>
확인
>
취소
레이어팝업 닫기
카페 캘린더 레이어
이 게시글을 카페 캘린더로 보내시겠습니까?
확인
취소
레이어팝업 닫기
오늘의 운세 띠별운세 7월 24일 금요일 금전지수
오늘의 운세 2020년 7월 24일 금요일 (음력 6월 4일, 일진: 무진戊辰) 쥐(子)띠 84년생 포기하지 말고 끈기...
m.blog.naver.com
[주의안내]
게시판에 맞지 않는 글 금지 (정치적인 글, 덧글 / 분란글, 덧글 금지)
■
모바일 / PC
통합 공지
☎
스마트폰에서
PC 화면처럼 보기
오호라오호라
님의 게시글 더보기
좋아요
0
이 글을 '좋아요'한 멤버 리스트
댓글
0
공유
신고
클린봇
이 악성 댓글을 감지합니다.
설정
목록
TOP
'
운세
'
검색결과
이 카페 글
gpt
운세
는 맞을까요?
인간의 도리
2025.10.27.
올해 연애운이요 신점 철학관 다틀리고 점신만 맞네요
댓글
[2]
슈슈땅코옹
2025.10.26.
점신에서 첨으로 저보고 내년에 결혼한다는데요
슈슈땅코옹
2025.10.26.
사주풀이 해드릴게요.
후야쪽쪽
2025.10.18.
주술마술미신무속신앙영혼어쩌구
댓글
[1]
현생살자
2025.10.16.
페이징 이동
1
2
3
4
5
전체 카페 글
오늘의
운세
댓글
[4]
2025.10.24.
오늘도 승리의 기운을 이어가요+ 임찬규 선수 별자리
운세
댓글
[6]
2025.10.27.
평생
운세
제대로 보는 법
댓글
[20]
2025.10.27.
여러분..감독님의 무료
운세
를 봤습니다!!!!
댓글
[1]
2025.10.23.
10월 21일 류현진 , 후라도
운세
비교
댓글
[4]
2025.10.21.
페이징 이동
1
2
3
4
5
레몬테라스 [인테리어,리폼,DIY,요리,결혼,육아,커뮤니티]
셀프 집꾸미기,인테리어,리폼,diy,요리,결혼,임신,출산,육아,여성,재테크, 커뮤니티, 생활 전반 카페입니다
멤버
3,015,321
명
카페 가입하기"
디젤매니아,사주,사주 ) 묘목 지지,피넛콩,2024.08.08.,0.0,https://cafe.naver.com/f-e/cafes/11262350/articles/44371661?boardtype=L&userDisplay=50&referrerAllArticles=true&inCafeSearch=true&query=%EC%82%AC%EC%A3%BC&art=aW50ZXJuYWwtY2FmZS1hcnRpY2xlLXJlYWQtaW5DYWZlLXNlYXJjaC1saXN0.eyJ0eXAiOiJKV1QiLCJhbGciOiJIUzI1NiJ9.eyJjYWZlVHlwZSI6IkNBRkVfSUQiLCJhcnRpY2xlSWQiOjQ0MzcxNjYxLCJpc3N1ZWRBdCI6MTc2MTU2MTk5NTM0NywiY2FmZUlkIjoxMTI2MjM1MH0.UJg87XTNneBAm-A6G6pPez5ONiCEVmrBS8HYbkOomMk&page=7,"※ 상기 유머방 규정 숙지 및 참여 부탁합니다.
​
​
​
​"
레몬테라스,사주,사주 문의 ㅡ여자 괴강 일주,백세만살자,2025.03.17.,204.0,https://cafe.naver.com/f-e/cafes/10298136/articles/33421088?boardtype=L&userDisplay=50&referrerAllArticles=true&inCafeSearch=true&query=%EC%82%AC%EC%A3%BC&art=aW50ZXJuYWwtY2FmZS1hcnRpY2xlLXJlYWQtaW5DYWZlLXNlYXJjaC1saXN0.eyJ0eXAiOiJKV1QiLCJhbGciOiJIUzI1NiJ9.eyJjYWZlVHlwZSI6IkNBRkVfSUQiLCJhcnRpY2xlSWQiOjMzNDIxMDg4LCJpc3N1ZWRBdCI6MTc2MTYxNDkxNTIxOCwiY2FmZUlkIjoxMDI5ODEzNn0.5MOxlL4jvYu6OimGvE6iHpkSF61hqVvzGdoJGwHHXXE&page=6,"많이 나쁜가요?
현대사회에서 좋을수도 있나요?"
레몬테라스,사주,사주 믿을 만한가요?,별이,2020.05.08.,0.0,https://cafe.naver.com/f-e/cafes/10298136/articles/26371317?boardtype=L&userDisplay=50&referrerAllArticles=true&inCafeSearch=true&query=%EC%82%AC%EC%A3%BC&art=aW50ZXJuYWwtY2FmZS1hcnRpY2xlLXJlYWQtaW5DYWZlLXNlYXJjaC1saXN0.eyJ0eXAiOiJKV1QiLCJhbGciOiJIUzI1NiJ9.eyJjYWZlVHlwZSI6IkNBRkVfSUQiLCJhcnRpY2xlSWQiOjI2MzcxMzE3LCJpc3N1ZWRBdCI6MTc2MTYxNTE2ODQxMiwiY2FmZUlkIjoxMDI5ODEzNn0.fkLKhtuu2M9psAS25LvcHhDEpUtF7RKcrwGm7W6EYIg&page=39,"이전글
다음글
목록
유머,연예,가십
사주 믿을 만한가요?
인기멤버
별이
여신
1:1 채팅
2020.05.08. 18:00
조회 1,694
댓글
0
URL 복사
URL이 복사되었습니다. 원하는 곳에 붙여 넣으세요.
이 글은 검색 비허용 게시물입니다.
게시물을 확인하기 위해서는 가입이 필요합니다. 이 카페의 멤버가 되어보세요.
카페에 가입하면 바로 글을 볼 수 있어요!
301.5만명의 멤버와 함께하는
레몬테라스 [인테리어,리폼,DIY,요리,결혼,육아,커뮤니티]
에
가입해 보세요.
셀프 집꾸미기,인테리어,리폼,diy,요리,결혼,임신,출산,육아,여성,재테크, 커뮤니티, 생활 전반 카페입니다
가입하면 1,471.8만개의 글을 볼 수 있어요
어제 8.5만명이 방문했어요
최근 일주일 동안 634명이 가입했어요
10초 만에 가입하기"
디젤매니아,사주,사주매니아) 저는 불바다같은데,더티워시,2020.03.16.,0.0,https://cafe.naver.com/f-e/cafes/11262350/articles/30462528?boardtype=L&userDisplay=50&referrerAllArticles=true&inCafeSearch=true&query=%EC%82%AC%EC%A3%BC&art=aW50ZXJuYWwtY2FmZS1hcnRpY2xlLXJlYWQtaW5DYWZlLXNlYXJjaC1saXN0.eyJ0eXAiOiJKV1QiLCJhbGciOiJIUzI1NiJ9.eyJjYWZlVHlwZSI6IkNBRkVfSUQiLCJhcnRpY2xlSWQiOjMwNDYyNTI4LCJpc3N1ZWRBdCI6MTc2MTU2MjE2MDkyNywiY2FmZUlkIjoxMTI2MjM1MH0.2OGlioPqFbsxwJokIe-TOhC7QbEDS-vCa6zDXH5KQR0&page=28,"이전글
다음글
목록
■디매인 라이프■
사주매니아) 저는 불바다같은데
인기멤버
더티워시
새싹간지
1:1 채팅
2020.03.16. 12:06
조회 1,359
댓글
12
URL 복사
URL이 복사되었습니다. 원하는 곳에 붙여 넣으세요.
카페 캘린더 레이어
이 게시글을 카페 캘린더에서 제외하시겠습니까?
확인
취소
>
확인
>
취소
레이어팝업 닫기
카페 캘린더 레이어
이 게시글을 카페 캘린더로 보내시겠습니까?
확인
취소
레이어팝업 닫기
아오 방금 수정한다는거 그냥 올려서 엄청 놀랬네요
사주가 불바다 같은데..
이러면 어떤가요...?
더티워시
님의 게시글 더보기
좋아요
0
이 글을 '좋아요'한 멤버 리스트
댓글
12
공유
신고
클린봇
이 악성 댓글을 감지합니다.
설정
댓글
등록순
최신순
새로고침
헛소리박고갑니다
헐... 와 님 사주 진짜
2020.03.16. 12:06
0
더티워시
이 소리 다하시고 다니시는거 봤습니다 속지 않습니다
2020.03.16. 12:07
0
개밥줘소밥줘
ㄷㄷㄷㄷㄷㄷ
2020.03.16. 12:07
0
팔팔천사
저도 불바다맞죠
2022.09.15. 13:18
0
한국정력
이게 다인가요? 어플로 하면? 그럼 누가 해석해줘요?
2020.03.16. 12:09
0
더티워시
운세풀이라고 따로 있긴 하네요 그거 지금 읽고 있어요
2020.03.16. 12:09
0
꾸이92
어플뭐에요???
2020.03.16. 12:10
0
더티워시
점신이요 저도 디매에서 봤어요 나름 풀이는 자세하게 해주긴 하네요
2020.03.16. 12:10
0
damedame
여자 잘 못만나실거같아요
2020.03.16. 12:38
0
더티워시
제가 여자라서 여자는 잘 못만나도 되는데,,
2020.03.16. 12:39
0
damedame
더티워시
아 남자이신줄 알고 ㅋㅋ 남자사주면은 여자 못만나는데 여자시면 상관없으실거같네요
2020.03.16. 12:41
0
팔팔천사
저도..
2022.09.15. 13:19
0
지금 가입하고 댓글에 참여해보세요!
목록
TOP
'
사주
'
검색결과
이 카페 글
요즘사람들은 종교도 안믿는데 위기때는 어디서 위안을 찾나요?
댓글
[2]
탐욕무지쾌락의고통
00:10
사주
팔자 참 신기한거같아요…
댓글
[20]
블루린
2025.10.27.
확실히 삶의 희망이 하나씩 있어야 세상살맛 나는듯요.
댓글
[3]
편의점전문가
2025.10.27.
개명하고 인생 좀 나아진분 있나요?
댓글
[3]
거북이돌고래
2025.10.25.
이런 경우 부부공무원이 꿀리나요?
댓글
[17]
가가가가가방
2025.10.25.
페이징 이동
1
2
3
4
5
전체 카페 글
챗gpt
사주
타로 구독료!
댓글
[2]
2025.10.20.
부산
사주
보면서 느낀 점
댓글
[10]
2025.10.21.
사주
를 아는 게 독이 될 때 2
댓글
[74]
2025.10.22.
임신
사주
로 시기 볼 수 있나요
댓글
[16]
2025.10.19.
신점
사주
내돈내산 후기!
댓글
[16]
2025.10.27.
페이징 이동
1
2
3
4
5
●디젤매니아● 대한민국 일등 패션 커뮤니티 디매인 DMAIN
패션인들의 일상 공유 커뮤니티 - 패션 직구 여행 헬스 뷰티 연애 음악 영화 일상 사회생활 경험공유.
멤버
1,148,587
명
카페 가입하기"
레몬테라스,사주,사주처럼 살고 계신분 있나요?,레몬향기굳굳,2023.03.06.,444.0,https://cafe.naver.com/f-e/cafes/10298136/articles/30371174?boardtype=L&userDisplay=50&referrerAllArticles=true&inCafeSearch=true&query=%EC%82%AC%EC%A3%BC&art=aW50ZXJuYWwtY2FmZS1hcnRpY2xlLXJlYWQtaW5DYWZlLXNlYXJjaC1saXN0.eyJ0eXAiOiJKV1QiLCJhbGciOiJIUzI1NiJ9.eyJjYWZlVHlwZSI6IkNBRkVfSUQiLCJhcnRpY2xlSWQiOjMwMzcxMTc0LCJpc3N1ZWRBdCI6MTc2MTYxNTA1MjEzMiwiY2FmZUlkIjoxMDI5ODEzNn0.qUFvaIh391wQNKoiPUOVS8PNQaMZN5g3g2M5xo7pLUk&page=24,"신점말고요
글자풀어서 보는거요.
지난거말고 앞일맞더라.. 그런거있으셨나요?
​"
디젤매니아,사주,창업하기 전에 사주보신 분 있나요??,먹다만삼각김밥,2022.02.19.,294.0,https://cafe.naver.com/f-e/cafes/11262350/articles/37371586?boardtype=L&userDisplay=50&referrerAllArticles=true&inCafeSearch=true&query=%EC%82%AC%EC%A3%BC&art=aW50ZXJuYWwtY2FmZS1hcnRpY2xlLXJlYWQtaW5DYWZlLXNlYXJjaC1saXN0.eyJ0eXAiOiJKV1QiLCJhbGciOiJIUzI1NiJ9.eyJjYWZlVHlwZSI6IkNBRkVfSUQiLCJhcnRpY2xlSWQiOjM3MzcxNTg2LCJpc3N1ZWRBdCI6MTc2MTU2MjExMDE3NywiY2FmZUlkIjoxMTI2MjM1MH0.1egvFggHlBLRCjA__eho0MetTPi_r7fiQeUtPgdUoBs&page=22,사주 보신대로 따르셨나요? 결과는 어떠셨나요?
디젤매니아,운세,8월10일 오늘의 운세,처 음 처 럼,2025.08.10.,232.0,https://cafe.naver.com/f-e/cafes/11262350/articles/46100577?boardtype=L&userDisplay=50&referrerAllArticles=true&inCafeSearch=true&query=%EC%9A%B4%EC%84%B8&art=aW50ZXJuYWwtY2FmZS1hcnRpY2xlLXJlYWQtaW5DYWZlLXNlYXJjaC1saXN0.eyJ0eXAiOiJKV1QiLCJhbGciOiJIUzI1NiJ9.eyJjYWZlVHlwZSI6IkNBRkVfSUQiLCJhcnRpY2xlSWQiOjQ2MTAwNTc3LCJpc3N1ZWRBdCI6MTc2MTU4NzA0NjMwMywiY2FmZUlkIjoxMTI2MjM1MH0.lZeP0rvP5_UregDsdL36JJ2PnlF9vH1BLsX87VQnn7E&page=2,[본문을 찾을 수 없음]
레몬테라스,운세,새해 1월1일 별자리 운세,일산네,2023.01.01.,262.0,https://cafe.naver.com/f-e/cafes/10298136/articles/30098144?boardtype=L&userDisplay=50&referrerAllArticles=true&inCafeSearch=true&query=%EC%9A%B4%EC%84%B8&art=aW50ZXJuYWwtY2FmZS1hcnRpY2xlLXJlYWQtaW5DYWZlLXNlYXJjaC1saXN0.eyJ0eXAiOiJKV1QiLCJhbGciOiJIUzI1NiJ9.eyJjYWZlVHlwZSI6IkNBRkVfSUQiLCJhcnRpY2xlSWQiOjMwMDk4MTQ0LCJpc3N1ZWRBdCI6MTc2MTY1NTU3MzAxMywiY2FmZUlkIjoxMDI5ODEzNn0.cjLTvIa0M-YVXmfNau-GZ48mLEWEafx6pNq4Jwk2Nzc&page=4,"https://bltly.link/vQ7AnhE
오늘의 별자리 운세(1월 1일)
[한스경제=이수현 기자] 오늘의 별자리 운세(1월 1일) 물병자리(양력 1월20일~2월 18일) 욕심을 낼수록 오히려 마이너스가 되는 날이다. 평소 하던 만큼만, 지나치게 욕심부리
bltly.link
​"
디젤매니아,사주,요즘 10~20대들은 돈주고 사주 안 보죠?,탐욕무지쾌락의고통,2025.09.13.,204.0,https://cafe.naver.com/f-e/cafes/11262350/articles/46228802?boardtype=L&userDisplay=50&referrerAllArticles=true&inCafeSearch=true&query=%EC%82%AC%EC%A3%BC&art=aW50ZXJuYWwtY2FmZS1hcnRpY2xlLXJlYWQtaW5DYWZlLXNlYXJjaC1saXN0.eyJ0eXAiOiJKV1QiLCJhbGciOiJIUzI1NiJ9.eyJjYWZlVHlwZSI6IkNBRkVfSUQiLCJhcnRpY2xlSWQiOjQ2MjI4ODAyLCJpc3N1ZWRBdCI6MTc2MTU2MTk1MDgyOSwiY2FmZUlkIjoxMTI2MjM1MH0.bKDLtkVAq4Sb_7A3rQRxQNKOfdo6UKBMrQL6txVSHRA&page=1,사양직업인가요?
디젤매니아,사주,사주 편재운이 무섭긴무서워욬ㅋㅋㅋㅋㅋ,단호박터짐,2023.08.07.,602.0,https://cafe.naver.com/f-e/cafes/11262350/articles/42086633?boardtype=L&userDisplay=50&referrerAllArticles=true&inCafeSearch=true&query=%EC%82%AC%EC%A3%BC&art=aW50ZXJuYWwtY2FmZS1hcnRpY2xlLXJlYWQtaW5DYWZlLXNlYXJjaC1saXN0.eyJ0eXAiOiJKV1QiLCJhbGciOiJIUzI1NiJ9.eyJjYWZlVHlwZSI6IkNBRkVfSUQiLCJhcnRpY2xlSWQiOjQyMDg2NjMzLCJpc3N1ZWRBdCI6MTc2MTU2MjA1NTA2NCwiY2FmZUlkIjoxMTI2MjM1MH0.1at1cWBzaDRi7wt_SoynEbe5X4e8e5Ap7jUXDsCH9hk&page=15,"​
제가 이 편재운이 월운 대운으로 들어오는 시점인데
사람이 통이 커진다고 해야되나,,,,,,
생각관념자체가 바뀌어요ㅋㅋ
​
갑자기 돌변하는건 당연히 아니겠죠?
서서히 쌓이고 변화하고 조금씩 바뀐게
시점을 만나서 팡!! 하고 터진다고 해야되나ㅋㅋㅋ
​
편재 무서워요...
탕진 잼잼~~~ 본인이 갑부라도 된 마냥 돈 쓰네요ㅋ
이런 운에는 또 어느정도 써줘야 액땜된다 생각하기에.... 잘 사용한 소비이기를...
사치 아니고 경험과 배움에 투자좀 햇슴다ㅋ"
레몬테라스,사주,우리사주 사두면 좋을까요?,클래식테라스,2021.12.13.,406.0,https://cafe.naver.com/f-e/cafes/10298136/articles/28584141?boardtype=L&userDisplay=50&referrerAllArticles=true&inCafeSearch=true&query=%EC%82%AC%EC%A3%BC&art=aW50ZXJuYWwtY2FmZS1hcnRpY2xlLXJlYWQtaW5DYWZlLXNlYXJjaC1saXN0.eyJ0eXAiOiJKV1QiLCJhbGciOiJIUzI1NiJ9.eyJjYWZlVHlwZSI6IkNBRkVfSUQiLCJhcnRpY2xlSWQiOjI4NTg0MTQxLCJpc3N1ZWRBdCI6MTc2MTYxNTEwNDMwMCwiY2FmZUlkIjoxMDI5ODEzNn0.-7beMidVBE7MuvrxzaFIr8dReSB2JNo72A24F7Cj0zI&page=31,"​
주식투자를 하고 있긴 합니다.
근데 그냥 장기로보고 대형주나 사놓고 그러는거라 아주 깊게 알지는 못해요.
이 와중에 우리사주 살 수 있는 기회가 생겼는데 우리사주 사두면 좋을까요~?
공모가 이하로 안내려갈까요? 흠..다른 분들은 어떻게 생각하시는지 궁금합니다
​
​
​
​"
레몬테라스,사주,"다들 사주믿으시나요,?",qaz972,2020.06.20.,551.0,https://cafe.naver.com/f-e/cafes/10298136/articles/26560407?boardtype=L&userDisplay=50&referrerAllArticles=true&inCafeSearch=true&query=%EC%82%AC%EC%A3%BC&art=aW50ZXJuYWwtY2FmZS1hcnRpY2xlLXJlYWQtaW5DYWZlLXNlYXJjaC1saXN0.eyJ0eXAiOiJKV1QiLCJhbGciOiJIUzI1NiJ9.eyJjYWZlVHlwZSI6IkNBRkVfSUQiLCJhcnRpY2xlSWQiOjI2NTYwNDA3LCJpc3N1ZWRBdCI6MTc2MTYxNTE2ODQxMiwiY2FmZUlkIjoxMDI5ODEzNn0.g7HrJtxc-5mPJhG-DXaaW2qUt3wQ6nkzFF-Cx47v1bs&page=39,"이전글
다음글
목록
쫑알쫑알 게시판
다들 사주믿으시나요,?
인기멤버
qaz972
여왕
1:1 채팅
2020.06.20. 23:26
조회 551
댓글
0
URL 복사
URL이 복사되었습니다. 원하는 곳에 붙여 넣으세요.
이 글은 검색 비허용 게시물입니다.
게시물을 확인하기 위해서는 가입이 필요합니다. 이 카페의 멤버가 되어보세요.
카페에 가입하면 바로 글을 볼 수 있어요!
301.5만명의 멤버와 함께하는
레몬테라스 [인테리어,리폼,DIY,요리,결혼,육아,커뮤니티]
에
가입해 보세요.
셀프 집꾸미기,인테리어,리폼,diy,요리,결혼,임신,출산,육아,여성,재테크, 커뮤니티, 생활 전반 카페입니다
가입하면 1,471.8만개의 글을 볼 수 있어요
어제 8.5만명이 방문했어요
최근 일주일 동안 634명이 가입했어요
10초 만에 가입하기"
레몬테라스,사주,사주를 봤어요,내가젤이쁘다,2024.02.24.,723.0,https://cafe.naver.com/f-e/cafes/10298136/articles/31847514?boardtype=L&userDisplay=50&referrerAllArticles=true&inCafeSearch=true&query=%EC%82%AC%EC%A3%BC&art=aW50ZXJuYWwtY2FmZS1hcnRpY2xlLXJlYWQtaW5DYWZlLXNlYXJjaC1saXN0.eyJ0eXAiOiJKV1QiLCJhbGciOiJIUzI1NiJ9.eyJjYWZlVHlwZSI6IkNBRkVfSUQiLCJhcnRpY2xlSWQiOjMxODQ3NTE0LCJpc3N1ZWRBdCI6MTc2MTYxNDk5MjU5MSwiY2FmZUlkIjoxMDI5ODEzNn0.WR6mQAy4YpCCBwcZOpy3CV5RVQHre9qeeZMtblaw62Q&page=16,"어제 저의 사주를 봤어요
사주를 봐주시는 분께서
제가 올해 구설수가 있으니 말을 아끼고
많이 참으라 하더라구요
억울한 상황이 와도 그래 알았어 하고
무시하고 상황을 넘기라하는데
제가 그분한테 다시 못물어봐서 궁금한게있는데
여기 레테님들께 물어요
사주, 운세 라는거가 팔자대로 흘러가는건지
아니면 제가 조심하고 이럼 비껴가는건지
궁금해지네요
아시는분 답변 부탁드립니다
​"
레몬테라스,사주,사주나 신점보고 진짜 그대로 된 사람 본 적 있나요,하하하요용,2025.05.26.,0.0,https://cafe.naver.com/f-e/cafes/10298136/articles/33680710?boardtype=L&userDisplay=50&referrerAllArticles=true&inCafeSearch=true&query=%EC%82%AC%EC%A3%BC&art=aW50ZXJuYWwtY2FmZS1hcnRpY2xlLXJlYWQtaW5DYWZlLXNlYXJjaC1saXN0.eyJ0eXAiOiJKV1QiLCJhbGciOiJIUzI1NiJ9.eyJjYWZlVHlwZSI6IkNBRkVfSUQiLCJhcnRpY2xlSWQiOjMzNjgwNzEwLCJpc3N1ZWRBdCI6MTc2MTYxNDg5NzQ4MiwiY2FmZUlkIjoxMDI5ODEzNn0.88wFntOsCzZGWFESukpVyCzH6nTcukzP-5yFJxiIkqo&page=4,"이전글
다음글
목록
쫑알쫑알 게시판
사주나 신점보고 진짜 그대로 된 사람 본 적 있나요
인기멤버
하하하요용
여신
1:1 채팅
2025.05.26. 03:29
조회 1,664
댓글
0
URL 복사
URL이 복사되었습니다. 원하는 곳에 붙여 넣으세요.
이 글은 검색 비허용 게시물입니다.
게시물을 확인하기 위해서는 가입이 필요합니다. 이 카페의 멤버가 되어보세요.
카페에 가입하면 바로 글을 볼 수 있어요!
301.5만명의 멤버와 함께하는
레몬테라스 [인테리어,리폼,DIY,요리,결혼,육아,커뮤니티]
에
가입해 보세요.
셀프 집꾸미기,인테리어,리폼,diy,요리,결혼,임신,출산,육아,여성,재테크, 커뮤니티, 생활 전반 카페입니다
최근 일주일 동안 634명이 가입했어요
10초 만에 가입하기"
디젤매니아,사주,사주에 이성이,강강약약중중,2022.03.23.,213.0,https://cafe.naver.com/f-e/cafes/11262350/articles/37698273?boardtype=L&userDisplay=50&referrerAllArticles=true&inCafeSearch=true&query=%EC%82%AC%EC%A3%BC&art=aW50ZXJuYWwtY2FmZS1hcnRpY2xlLXJlYWQtaW5DYWZlLXNlYXJjaC1saXN0.eyJ0eXAiOiJKV1QiLCJhbGciOiJIUzI1NiJ9.eyJjYWZlVHlwZSI6IkNBRkVfSUQiLCJhcnRpY2xlSWQiOjM3Njk4MjczLCJpc3N1ZWRBdCI6MTc2MTU2MjExMDE3NywiY2FmZUlkIjoxMTI2MjM1MH0.GYOnDQizMHLK32OLki57UT-hoicMsWtFGsv68yrB7-Y&page=22,"별로없는 사주도 있나요?
제친구는 외모도 평범한데 주위에
사귀는건아니더라도 여자자체가 많네요"
레몬테라스,사주,외국에서 태어난경우는 사주볼때 한국시간으로 바꿔서보나요?,lliiiiiiillllliliill,2021.07.19.,204.0,https://cafe.naver.com/f-e/cafes/10298136/articles/28030031?boardtype=L&userDisplay=50&referrerAllArticles=true&inCafeSearch=true&query=%EC%82%AC%EC%A3%BC&art=aW50ZXJuYWwtY2FmZS1hcnRpY2xlLXJlYWQtaW5DYWZlLXNlYXJjaC1saXN0.eyJ0eXAiOiJKV1QiLCJhbGciOiJIUzI1NiJ9.eyJjYWZlVHlwZSI6IkNBRkVfSUQiLCJhcnRpY2xlSWQiOjI4MDMwMDMxLCJpc3N1ZWRBdCI6MTc2MTYxNTExNzMwNSwiY2FmZUlkIjoxMDI5ODEzNn0.gZWUXGH3BLbI6cE1uSg9yQBslhEVNGTSZKpqkKkJKpI&page=33,아니면 외국에서 태어난시간 그대로인가요?
디젤매니아,운세,12월31일 오늘의 운세,처 음 처 럼,2024.12.31.,458.0,https://cafe.naver.com/f-e/cafes/11262350/articles/45139458?boardtype=L&userDisplay=50&referrerAllArticles=true&inCafeSearch=true&query=%EC%9A%B4%EC%84%B8&art=aW50ZXJuYWwtY2FmZS1hcnRpY2xlLXJlYWQtaW5DYWZlLXNlYXJjaC1saXN0.eyJ0eXAiOiJKV1QiLCJhbGciOiJIUzI1NiJ9.eyJjYWZlVHlwZSI6IkNBRkVfSUQiLCJhcnRpY2xlSWQiOjQ1MTM5NDU4LCJpc3N1ZWRBdCI6MTc2MTU4NzA4NDAwNSwiY2FmZUlkIjoxMTI2MjM1MH0.XWXwoifVqivODyUEayaQGa92upYCUndbco49NWI-ugs&page=7,[본문을 찾을 수 없음]
레몬테라스,운세,낭만보험이 올려드리는 ﻿오늘의 운세 11월 17일,낭만보험,2022.11.17.,141.0,https://cafe.naver.com/f-e/cafes/10298136/articles/29905023?boardtype=L&userDisplay=50&referrerAllArticles=true&inCafeSearch=true&query=%EC%9A%B4%EC%84%B8&art=aW50ZXJuYWwtY2FmZS1hcnRpY2xlLXJlYWQtaW5DYWZlLXNlYXJjaC1saXN0.eyJ0eXAiOiJKV1QiLCJhbGciOiJIUzI1NiJ9.eyJjYWZlVHlwZSI6IkNBRkVfSUQiLCJhcnRpY2xlSWQiOjI5OTA1MDIzLCJpc3N1ZWRBdCI6MTc2MTY1NTU3MzAxMywiY2FmZUlkIjoxMDI5ODEzNn0.q2qNw-5J-ISr3WJA1eogzWW7U7RAeTVD7iCl1KPvYhs&page=4,"오늘의 운세 11월 17일(음력 10월 24일)
쥐
96년생 일 처리를 오전에 행하면 행운이 찾아온다/84년생 친구에게 양보하는 마음을 가지면 재물이 점점 늘어난다/72년생 오전에 금전적 난관을 겪으나 오후에 해결될 수 있다/60년생 익일 사업상 지출이 생길 예정이므로 신중하게 검토하라/48년생 심적 고통이 올 수 있으나 해결되니 걱정하지 마라
소
97년생 계획이 없던 지출이 발생하겠으니 신중하게 검토하라/85년생 재물을 얻을 수 있으므로 하는 일에 조금 더 노력하라/73년생 직장인은 기획한 일로 상사에게 신임을 받는다/61년생 자녀로 인해 집안에 웃음이 가득하고 가정이 행복하다/49년생 생각지도 않던 기쁜 일이 생기니 가정이 행복하다
호랑이
98년생 현실을 바로 보고 노력하면 좋은 결실이 돌아온다/86년생 겉은 화려하나 실속이 적으니 내실을 다져야 한다/74년생 서류상 판단 착오로 손해 볼 수 있으니 신중하게 검토하라/62년생 직장인은 구설수가 있으나 사업가는 재물이 들어온다/50년생 컨디션이 나쁠 수도 있으나 오후에 좋아진다.
토끼
99년생 현재까지 재물을 많이 모으지 못했으나 점점 좋아진다/87년생 고민이 생길 땐 친구에게 조언을 구하면 결과가 좋다/75년생 현재 일에 만족하면서 새로운 일은 조금 더 기다려야 한다/63년생 사업상 계획을 실행할 계기가 마련되고 있다/51년생 심적으로 편안하지 못하였으나 오후부터 좋아진다
용
88년생 내일 지출할 금전적 문제로 고민을 하지만 해결되겠다/76년생 재물이 들어오니 부부 화합에 조금 더 관심을 가져라/64년생 사업상 손해를 볼 수 있으니 가족의 조언을 들어라/52년생 마음이 밝으며 외출하여 지인으로부터 좋은 소식을 듣겠다/40년생 노력에 비해 결실이 적어나 마음은 매우 밝다.
뱀
89년생 재물 집착이 많으나 현실과 맞지 않아 매우 답답하다/77년생 하는 일에 장애가 생길 수 있으니 신중히 검토하라/65년생 사업을 원하면 친구나 가족과 같이 충분히 의논하라/53년생 충동적으로 일을 처리한다면 손해를 볼 수 있다/41년생 걱정하던 문제가 해결되겠으니 염려하지 않아도 된다
말
90년생 업무상 계획한 일이 원활하게 돌아갈 수 있다/78년생 친구와 약간의 오해가 생기지만 시간이 지나면 해결된다/66년생 직장인은 하는 일이 원활하며 사업가는 지출이 생긴다/54년생 좋고 나쁜 일이 교차하니 마음을 편히 가져라/42년생 지출이 생기지만 마음이 상쾌하고 하는 일이 원활하다
양
91년생 기쁜 일이 생겨 친구와 대화하며 즐거운 시간이 되겠다/79년생 업무상 다툼이 예상되니 동료에게 조언을 구하라/67년생 자신감을 가지고 업무에 임하면 좋은 결실을 본다/55년생 노력하고 고생한 보람이 현실로 이뤄지니 길하다/43년생 자녀의 일로 고민하지만 해결되니 걱정하지 마라.
원숭이
92년생 금전적인 이익을 볼 수 있으나 성급한 행동은 자중하라/80년생 이사를 생각한다면 가족과 충분히 의논 후 실행하라/68년생 직장을 옮기고 싶지만 때가 아니니 현실에 만족하라/56년생 고집 탓에 손해를 볼 수 있으니 지인의 조언을 들어라/44년생 가정에 지출할 돈이 있어도 마음은 밝겠다.
닭
93년생 작은 소망은 이뤄지지만 큰 욕심은 버려야 행운이 온다/81년생 새로운 일을 구상 하지만 결정은 미루는 것이 바람직하다/69년생 현실은 불안하지만 조금만 더 노력하면 성과가 있겠다/57년생 가정이 화목하니 어떤 일을 해도 순조롭다/45년생 건강에 문제가 다소 있어 불안하지만 좋아진다
개
94년생 업무상 동료 간에 모든 일 들이 원활하게 이루어진다/82년생 많은 재물 욕심은 시기가 이르니 좀 더 기다림이 필요하다/70년생 부동산 변화는 시기적으로 맞지 않으니 기다려라/58년생 자녀나 주위 사람으로부터 반가운 오후에 소식을 듣겠다/46년생 몸은 바쁘지만 마음이 밝으니 가정이 화목하다.
돼지
95년생 분수에 맞게 처신하면 윗사람들의 신임을 얻는다/83년생 계약은 성립되나 계약을 한 뒤에 다소 후회할 수가 있다/71년생 큰 문제 없이 짜증이 나지만 오후부터 점차 나아진다/59년생 금전 탓에 부부 불화가 생기므로 자금 계획을 검토하라/47년생 없는 근심을 하고 있으니 마음을 비워야 한다
자료 제공 : 김기범교수 인문·地理 연구소 소장"
디젤매니아,사주,"서울 사주, 점집 잘보는곳 아시는분",김사리,2020.03.03.,0.0,https://cafe.naver.com/f-e/cafes/11262350/articles/30305934?boardtype=L&userDisplay=50&referrerAllArticles=true&inCafeSearch=true&query=%EC%82%AC%EC%A3%BC&art=aW50ZXJuYWwtY2FmZS1hcnRpY2xlLXJlYWQtaW5DYWZlLXNlYXJjaC1saXN0.eyJ0eXAiOiJKV1QiLCJhbGciOiJIUzI1NiJ9.eyJjYWZlVHlwZSI6IkNBRkVfSUQiLCJhcnRpY2xlSWQiOjMwMzA1OTM0LCJpc3N1ZWRBdCI6MTc2MTU2MjE2ODg2OCwiY2FmZUlkIjoxMTI2MjM1MH0.u9pOFIu23aXF_VevShunO4kOXMtBtlIueG7AOtlQ9BE&page=29,"이전글
다음글
목록
■디매인 라이프■
서울 사주, 점집 잘보는곳 아시는분
인기멤버
김사리
새싹간지
1:1 채팅
2020.03.03. 10:40
조회 1,136
댓글
16
URL 복사
URL이 복사되었습니다. 원하는 곳에 붙여 넣으세요.
카페 캘린더 레이어
이 게시글을 카페 캘린더에서 제외하시겠습니까?
확인
취소
>
확인
>
취소
레이어팝업 닫기
카페 캘린더 레이어
이 게시글을 카페 캘린더로 보내시겠습니까?
확인
취소
레이어팝업 닫기
이리 저리 찾아봤는데 다 광고,홍보 같애서 못믿겠네요
형님들이 직접 다녀오신곳으루 잘 부탁 드립니다.
김사리
님의 게시글 더보기
좋아요
1
이 글을 '좋아요'한 멤버 리스트
댓글
16
공유
신고
클린봇
이 악성 댓글을 감지합니다.
설정
댓글
등록순
최신순
새로고침
신발놈
이시국 대군데 전화 상담 되요 원하시면 쪽지주세요 ㅋㅋ
2020.03.03. 10:42
0
김사리
ㅋㅋㅋㅋㅋㅋㅋㅋㅋ점도 근데 전화로 볼수 있나요?
2020.03.03. 10:44
0
신발놈
김사리
네 ㅋㅋ 근데 남잔 잘맞추고 여자는 잘 못맞추더라구요
2020.03.03. 10:44
0
김사리
신발놈
아항 두분이서 보시는군요!
2020.03.03. 10:45
0
신발놈
김사리
아뇨 그분이요 ㅋㅋㅋ 1분이세용
2020.03.03. 10:45
0
슈퍼존시나
저두 알려주세요^
2020.03.05. 22:56
0
돈까스까스뿅
쪽지 보냈는데 확인 부탁드립니다!
2020.03.16. 19:48
0
삭제된 댓글입니다.
김사리
알려주세용!
2020.03.03. 10:52
0
코랑ㅇ
저두용
2020.03.03. 11:07
0
야옹이뭐하노
저도 부탁드려요^^
2020.03.03. 14:02
0
슈퍼존시나
저도 알려주세요
2020.03.05. 22:56
0
듀스바12
저도 쪽지 부탁드려요~
2020.03.06. 00:41
0
우마이상
저두 알려주세요!
2020.03.08. 21:42
0
돈까스까스뿅
쪽지 보냈습니다.
2020.03.16. 19:46
0
우유치즈
저두 늦엇디망 혹시 알려주실수 있으실까요?
2020.05.03. 13:59
0
하얀사이다
여기로컴온요 ㅎㅎ
https://open.kakao.com/o/syXVYg0b
2020.03.05. 10:13
0
지금 가입하고 댓글에 참여해보세요!
목록
TOP
'
사주
'
검색결과
이 카페 글
요즘사람들은 종교도 안믿는데 위기때는 어디서 위안을 찾나요?
댓글
[2]
탐욕무지쾌락의고통
00:10
사주
팔자 참 신기한거같아요…
댓글
[20]
블루린
2025.10.27.
확실히 삶의 희망이 하나씩 있어야 세상살맛 나는듯요.
댓글
[3]
편의점전문가
2025.10.27.
개명하고 인생 좀 나아진분 있나요?
댓글
[3]
거북이돌고래
2025.10.25.
이런 경우 부부공무원이 꿀리나요?
댓글
[17]
가가가가가방
2025.10.25.
페이징 이동
1
2
3
4
5
전체 카페 글
챗gpt
사주
타로 구독료!
댓글
[2]
2025.10.20.
부산
사주
보면서 느낀 점
댓글
[10]
2025.10.21.
사주
를 아는 게 독이 될 때 2
댓글
[74]
2025.10.22.
임신
사주
로 시기 볼 수 있나요
댓글
[16]
2025.10.19.
신점
사주
내돈내산 후기!
댓글
[16]
2025.10.27.
페이징 이동
1
2
3
4
5
●디젤매니아● 대한민국 일등 패션 커뮤니티 디매인 DMAIN
패션인들의 일상 공유 커뮤니티 - 패션 직구 여행 헬스 뷰티 연애 음악 영화 일상 사회생활 경험공유.
멤버
1,148,586
명
카페 가입하기"
레몬테라스,사주,서울 궁합 사주 진짜 소름끼치는곳 알려주세요.,긍정인생,2022.12.07.,733.0,https://cafe.naver.com/f-e/cafes/10298136/articles/29991073?boardtype=L&userDisplay=50&referrerAllArticles=true&inCafeSearch=true&query=%EC%82%AC%EC%A3%BC&art=aW50ZXJuYWwtY2FmZS1hcnRpY2xlLXJlYWQtaW5DYWZlLXNlYXJjaC1saXN0.eyJ0eXAiOiJKV1QiLCJhbGciOiJIUzI1NiJ9.eyJjYWZlVHlwZSI6IkNBRkVfSUQiLCJhcnRpY2xlSWQiOjI5OTkxMDczLCJpc3N1ZWRBdCI6MTc2MTYxNTA2NzI4NCwiY2FmZUlkIjoxMDI5ODEzNn0.Fgn9jsCfQsdA8e1Hr8B0PrE3s3JX3ZtXs-sWsbQSovk&page=26,"결혼전 경복궁역쪽에 진심 소름끼치던 분이 계셔서 그 분 다시 찾아가려했는데 돌아가셨어요 ㅠㅠ
진짜 생시만 던져드렸는데 과거일 닭살돋게 잘 맞았는데..
그당시 알려주셨던 미래일들도 지금되고보니 다 맞았어요 휴..
이런거 의지하지마라 이런말 댓글 다실분들 말고요..
사람마다 생각은 다른거니 가르치시지 마시구요..꾸벅.
겪어보신 곳중 추천하실만한곳 꼭 부탁드려요
​
​
​"
디젤매니아,사주,남자 사주 봐주세요,삼성팬버스기사,2024.03.23.,339.0,https://cafe.naver.com/f-e/cafes/11262350/articles/43574651?boardtype=L&userDisplay=50&referrerAllArticles=true&inCafeSearch=true&query=%EC%82%AC%EC%A3%BC&art=aW50ZXJuYWwtY2FmZS1hcnRpY2xlLXJlYWQtaW5DYWZlLXNlYXJjaC1saXN0.eyJ0eXAiOiJKV1QiLCJhbGciOiJIUzI1NiJ9.eyJjYWZlVHlwZSI6IkNBRkVfSUQiLCJhcnRpY2xlSWQiOjQzNTc0NjUxLCJpc3N1ZWRBdCI6MTc2MTU2MjAwNzg2NiwiY2FmZUlkIjoxMTI2MjM1MH0.6u33KimFQybkz1iPvDLv_gYu3ftdL-achuLpQ1GkFhs&page=9,​
레몬테라스,운세,운세는 음력으로 보나요?,hrtg,2024.07.11.,185.0,https://cafe.naver.com/f-e/cafes/10298136/articles/32405206?boardtype=L&userDisplay=50&referrerAllArticles=true&inCafeSearch=true&query=%EC%9A%B4%EC%84%B8&art=aW50ZXJuYWwtY2FmZS1hcnRpY2xlLXJlYWQtaW5DYWZlLXNlYXJjaC1saXN0.eyJ0eXAiOiJKV1QiLCJhbGciOiJIUzI1NiJ9.eyJjYWZlVHlwZSI6IkNBRkVfSUQiLCJhcnRpY2xlSWQiOjMyNDA1MjA2LCJpc3N1ZWRBdCI6MTc2MTY1NTU2MDU2NywiY2FmZUlkIjoxMDI5ODEzNn0.AdJy8sJdPJmmvpa4Z8d-TKdhiO-Xu8GFrrPO6SWScRk&page=2,네이* 무료운세는 음력을 말하나요?아님 양력을 말하나요?
레몬테라스,사주,사주나 신점... 얼마나 믿으시나요?,꼬꼬떼떼,2020.09.14.,788.0,https://cafe.naver.com/f-e/cafes/10298136/articles/26888035?boardtype=L&userDisplay=50&referrerAllArticles=true&inCafeSearch=true&query=%EC%82%AC%EC%A3%BC&art=aW50ZXJuYWwtY2FmZS1hcnRpY2xlLXJlYWQtaW5DYWZlLXNlYXJjaC1saXN0.eyJ0eXAiOiJKV1QiLCJhbGciOiJIUzI1NiJ9.eyJjYWZlVHlwZSI6IkNBRkVfSUQiLCJhcnRpY2xlSWQiOjI2ODg4MDM1LCJpc3N1ZWRBdCI6MTc2MTYxNTE1OTExMCwiY2FmZUlkIjoxMDI5ODEzNn0.MUZnA33fLlJkCxGRKIGQiJk4ljcQHNsSdkWjzs3c1Sg&page=38,"이전글
다음글
목록
쫑알쫑알 게시판
사주나 신점... 얼마나 믿으시나요?
인기멤버
꼬꼬떼떼
여신
1:1 채팅
2020.09.14. 12:51
조회 788
댓글
0
URL 복사
URL이 복사되었습니다. 원하는 곳에 붙여 넣으세요.
카페에 가입하면 바로 글을 볼 수 있어요!
301.5만명의 멤버와 함께하는
레몬테라스 [인테리어,리폼,DIY,요리,결혼,육아,커뮤니티]
에
가입해 보세요.
셀프 집꾸미기,인테리어,리폼,diy,요리,결혼,임신,출산,육아,여성,재테크, 커뮤니티, 생활 전반 카페입니다
가입하면 1,471.8만개의 글을 볼 수 있어요
어제 8.5만명이 방문했어요
최근 일주일 동안 634명이 가입했어요
10초 만에 가입하기"
레몬테라스,사주,사주 같은거 믿으시나용?,두리뭉실이야,2022.08.29.,214.0,https://cafe.naver.com/f-e/cafes/10298136/articles/29584777?boardtype=L&userDisplay=50&referrerAllArticles=true&inCafeSearch=true&query=%EC%82%AC%EC%A3%BC&art=aW50ZXJuYWwtY2FmZS1hcnRpY2xlLXJlYWQtaW5DYWZlLXNlYXJjaC1saXN0.eyJ0eXAiOiJKV1QiLCJhbGciOiJIUzI1NiJ9.eyJjYWZlVHlwZSI6IkNBRkVfSUQiLCJhcnRpY2xlSWQiOjI5NTg0Nzc3LCJpc3N1ZWRBdCI6MTc2MTYxNTA3NDI4NywiY2FmZUlkIjoxMDI5ODEzNn0.wqUqnUI6Vzprd7iBP884yGQJaqQv9ELrGY_Cot5tCj8&page=27,"사주 같은거 믿으시나용?
저는 1년에 한번 정도는 보는데 ㅠㅠ
정말 말이 다 다르더라구요ㅋㅋ
제가 못 보는 곳에 간건지
보통 사주는 어느 정도는 비슷하다곤 하던데"
레몬테라스,사주,사주로 진로 정하시는 분 있나요?,아름다운햇빛,2025.01.14.,257.0,https://cafe.naver.com/f-e/cafes/10298136/articles/33174260?boardtype=L&userDisplay=50&referrerAllArticles=true&inCafeSearch=true&query=%EC%82%AC%EC%A3%BC&art=aW50ZXJuYWwtY2FmZS1hcnRpY2xlLXJlYWQtaW5DYWZlLXNlYXJjaC1saXN0.eyJ0eXAiOiJKV1QiLCJhbGciOiJIUzI1NiJ9.eyJjYWZlVHlwZSI6IkNBRkVfSUQiLCJhcnRpY2xlSWQiOjMzMTc0MjYwLCJpc3N1ZWRBdCI6MTc2MTYxNDkyNzkzMiwiY2FmZUlkIjoxMDI5ODEzNn0.AmCgCJsmHxLTelIBBGHu3BNavIrSoEKIGvSC6evD9sY&page=8,"아이가 아직 꿈이 없어서 뭘 해야할 지 모르겠다고 고민하니까
친한 언니가 사주를 한번 봐보라고 하는데
사주로 진로를 정한다니 그게 무슨 소리인가 싶기도 하고
그냥 참고만 해도 괜찮지 않을까 생각도 드는데
아이들 사주 보신 분은 실제로 어땠는지 궁금하네요"
디젤매니아,사주,사주를 왜보는건가요???,초보에욤,2022.04.10.,335.0,https://cafe.naver.com/f-e/cafes/11262350/articles/37862145?boardtype=L&userDisplay=50&referrerAllArticles=true&inCafeSearch=true&query=%EC%82%AC%EC%A3%BC&art=aW50ZXJuYWwtY2FmZS1hcnRpY2xlLXJlYWQtaW5DYWZlLXNlYXJjaC1saXN0.eyJ0eXAiOiJKV1QiLCJhbGciOiJIUzI1NiJ9.eyJjYWZlVHlwZSI6IkNBRkVfSUQiLCJhcnRpY2xlSWQiOjM3ODYyMTQ1LCJpc3N1ZWRBdCI6MTc2MTU2MjEwMDc5NCwiY2FmZUlkIjoxMTI2MjM1MH0.gpwLTDYUz6RA-1raUrvlRst6R-ikXvKk1eRj9ogRfzU&page=21,"저는 처음에 사주라는것도 그냥 오늘의운세마냥 재미로 보는건줄 알앗는데 성별논쟁 일반화 하려는게 아니고 유난히 여자들이 사주를 진짜 진심을 담아서 믿는사람이 많던데
​
뭐 실제로 과학적인 근거라던가 믿을만한 이유가있나요? 제가 사알못이라 사주의원리를 모르고잇는거라면 설명좀 제발
​"
레몬테라스,사주,얼마전에 제가 사주를 봤는데 이걸 믿어야할지 ...ㅎㅎ,거품버블,2024.01.24.,258.0,https://cafe.naver.com/f-e/cafes/10298136/articles/31715940?boardtype=L&userDisplay=50&referrerAllArticles=true&inCafeSearch=true&query=%EC%82%AC%EC%A3%BC&art=aW50ZXJuYWwtY2FmZS1hcnRpY2xlLXJlYWQtaW5DYWZlLXNlYXJjaC1saXN0.eyJ0eXAiOiJKV1QiLCJhbGciOiJIUzI1NiJ9.eyJjYWZlVHlwZSI6IkNBRkVfSUQiLCJhcnRpY2xlSWQiOjMxNzE1OTQwLCJpc3N1ZWRBdCI6MTc2MTYxNTAwMDc3NCwiY2FmZUlkIjoxMDI5ODEzNn0.uPKI4GwW3lZo1KcG7kNPrk1MlA4KEWCPXzRzU8_2LRU&page=17,"너무 좋게만 이야기하니까 오히려 못 믿겠어요ㅎㅎㅎㅎ
제 기준에서는 말도 안되는 일을 실현가능하다고 이야기해주고 제시해주니....물론 인생은 모르는거라지만 지금의 제가 볼땐 너무 황당하기짝이 없는 이야기에요
​
그게 일어날거라니까 안 믿기고 돈 날린 기분도 좀 들고ㅎㅎㅎㅎ
사주 믿지도 않지만 그냥 신년기념으로 조언 좀 듣고싶어 들어봤는데 좋다니까 기대하며지내야할까봐요 ㅋㅋㅋ"
디젤매니아,사주,왜 사람은 잘 알지도 모르는 사람한테 첫인상으로 평가받기 싫어하면서 돈 주고 사주를 보러다닐까여 ㄷㄷㄷㄷ,홍상수,2024.12.30.,170.0,https://cafe.naver.com/f-e/cafes/11262350/articles/45136290?boardtype=L&userDisplay=50&referrerAllArticles=true&inCafeSearch=true&query=%EC%82%AC%EC%A3%BC&art=aW50ZXJuYWwtY2FmZS1hcnRpY2xlLXJlYWQtaW5DYWZlLXNlYXJjaC1saXN0.eyJ0eXAiOiJKV1QiLCJhbGciOiJIUzI1NiJ9.eyJjYWZlVHlwZSI6IkNBRkVfSUQiLCJhcnRpY2xlSWQiOjQ1MTM2MjkwLCJpc3N1ZWRBdCI6MTc2MTU2MTk3Mjg4MSwiY2FmZUlkIjoxMTI2MjM1MH0.k_uLi9cLOjgAxNqytt3sdLnmxvcq9rJv-_BtHqMgNO0&page=4,그게 바로 사주 아주머니들의 힘인가여 ㄷㄷ
레몬테라스,사주,안양 사주 보는곳,핑키테라스,2021.05.04.,127.0,https://cafe.naver.com/f-e/cafes/10298136/articles/27760705?boardtype=L&userDisplay=50&referrerAllArticles=true&inCafeSearch=true&query=%EC%82%AC%EC%A3%BC&art=aW50ZXJuYWwtY2FmZS1hcnRpY2xlLXJlYWQtaW5DYWZlLXNlYXJjaC1saXN0.eyJ0eXAiOiJKV1QiLCJhbGciOiJIUzI1NiJ9.eyJjYWZlVHlwZSI6IkNBRkVfSUQiLCJhcnRpY2xlSWQiOjI3NzYwNzA1LCJpc3N1ZWRBdCI6MTc2MTYxNTEyNTE4MCwiY2FmZUlkIjoxMDI5ODEzNn0.GO5DwDaEooCAg_-L9M05Q0xAknBxEKkW2G3FWP1H8Yk&page=34,"이전글
다음글
목록
▶보관게시판(일반글)이동금지
안양 사주 보는곳
인기멤버
핑키테라스
여왕
1:1 채팅
2021.05.04. 11:23
조회 127
댓글
0
URL 복사
URL이 복사되었습니다. 원하는 곳에 붙여 넣으세요.
멤버에게만 공개된 게시글입니다.
301.5만명의 멤버와 함께하는
레몬테라스 [인테리어,리폼,DIY,요리,결혼,육아,커뮤니티]
에
가입해 보세요.
셀프 집꾸미기,인테리어,리폼,diy,요리,결혼,임신,출산,육아,여성,재테크, 커뮤니티, 생활 전반 카페입니다
가입하면 1,471.8만개의 글을 볼 수 있어요
어제 8.5만명이 방문했어요
최근 일주일 동안 634명이 가입했어요
10초 만에 가입하기"
레몬테라스,운세,재미로 보는 오늘의 운세 7일 금요일,오호라오호라,2022.01.07.,238.0,https://cafe.naver.com/f-e/cafes/10298136/articles/28678887?boardtype=L&userDisplay=50&referrerAllArticles=true&inCafeSearch=true&query=%EC%9A%B4%EC%84%B8&art=aW50ZXJuYWwtY2FmZS1hcnRpY2xlLXJlYWQtaW5DYWZlLXNlYXJjaC1saXN0.eyJ0eXAiOiJKV1QiLCJhbGciOiJIUzI1NiJ9.eyJjYWZlVHlwZSI6IkNBRkVfSUQiLCJhcnRpY2xlSWQiOjI4Njc4ODg3LCJpc3N1ZWRBdCI6MTc2MTY1NTU5MDQxNiwiY2FmZUlkIjoxMDI5ODEzNn0.jvxxFWlhoL4JDhbtUX2-CEr3JTB4k9lclWbMz512evY&page=6,"오늘의운세 띠별운세 1월 7일 금요일 금전지수
#오늘의운세 #띠별운세 #금전지수 오늘의운세 띠별운세 금전지수 2022년 1월 7일   [음력  12월  5일]  일...
m.blog.naver.com"
레몬테라스,사주,마인크래프트 책을 사주니까 책을 읽네요,만두야만두먹어야지,2023.02.24.,182.0,https://cafe.naver.com/f-e/cafes/10298136/articles/30331643?boardtype=L&userDisplay=50&referrerAllArticles=true&inCafeSearch=true&query=%EC%82%AC%EC%A3%BC&art=aW50ZXJuYWwtY2FmZS1hcnRpY2xlLXJlYWQtaW5DYWZlLXNlYXJjaC1saXN0.eyJ0eXAiOiJKV1QiLCJhbGciOiJIUzI1NiJ9.eyJjYWZlVHlwZSI6IkNBRkVfSUQiLCJhcnRpY2xlSWQiOjMwMzMxNjQzLCJpc3N1ZWRBdCI6MTc2MTYxNTA1MjEzMiwiY2FmZUlkIjoxMDI5ODEzNn0.esx9wuJIo6L8OI7q0016OiHWYpUS36hfA5nnCM-FzO0&page=24,"큰애..ㅋㅋ 마인크래프트 책을 사주니까 책을 읽네요^^ㅋ
이렇게라도 책을 읽었으면 하는 엄마의 마음을 알아주려나요ㅋㅋㅋ
마크 게임을 워낙 좋아하는 애라..
마인크래프트 대혼돈의 무법지대 표지 보자마자 이거다 싶더라구요
게임책이래도 글밥도 많고 내용도 흥미진진한듯해서 만족해요
새로운 환경에 적응해나가는 주인공을 보면서
자기 새학기 시작하는 모습이 떠올랐나봐요ㅋㅋ
나도 이래야지!! 하면서 공감하는거보니 기특했어요
​"
레몬테라스,운세,재미로 오늘의 운세 보세영 2일 월요일,오호라오호라,2020.03.02.,215.0,https://cafe.naver.com/f-e/cafes/10298136/articles/26063050?boardtype=L&userDisplay=50&referrerAllArticles=true&inCafeSearch=true&query=%EC%9A%B4%EC%84%B8&art=aW50ZXJuYWwtY2FmZS1hcnRpY2xlLXJlYWQtaW5DYWZlLXNlYXJjaC1saXN0.eyJ0eXAiOiJKV1QiLCJhbGciOiJIUzI1NiJ9.eyJjYWZlVHlwZSI6IkNBRkVfSUQiLCJhcnRpY2xlSWQiOjI2MDYzMDUwLCJpc3N1ZWRBdCI6MTc2MTY1NTYzODc5MiwiY2FmZUlkIjoxMDI5ODEzNn0.i2dMCm0uPuvgqeR8BWVFXFcq25nNQ1JulYNjEJOp3Qw&page=12,"이전글
다음글
목록
쫑알쫑알 게시판
재미로 오늘의 운세 보세영 2일 월요일
인기멤버
오호라오호라
1:1 채팅
2020.03.02. 07:18
조회 215
댓글
0
URL 복사
URL이 복사되었습니다. 원하는 곳에 붙여 넣으세요.
카페 캘린더 레이어
이 게시글을 카페 캘린더에서 제외하시겠습니까?
확인
취소
>
확인
>
취소
레이어팝업 닫기
카페 캘린더 레이어
이 게시글을 카페 캘린더로 보내시겠습니까?
확인
취소
레이어팝업 닫기
오늘의 운세 띠별운세 3월 2일 월요일  금전지수
오늘의 운세 2020년 3월 2일 월요일 (음력 2월 8일, 일진: 갑진 甲辰)  금쥐띠 84년생 흰색 옷을 착용하라....
m.blog.naver.com
게시판에 맞지 않는 글 금지합니다 (시사 글은 시소방 게시판 외 금지)
■
모바일 / PC
통합 공지
☎
스마트폰에서
PC 화면처럼 보기
오호라오호라
님의 게시글 더보기
좋아요
0
이 글을 '좋아요'한 멤버 리스트
댓글
0
공유
신고
클린봇
이 악성 댓글을 감지합니다.
설정
목록
TOP
'
운세
'
검색결과
이 카페 글
gpt
운세
는 맞을까요?
인간의 도리
2025.10.27.
올해 연애운이요 신점 철학관 다틀리고 점신만 맞네요
댓글
[2]
슈슈땅코옹
2025.10.26.
점신에서 첨으로 저보고 내년에 결혼한다는데요
슈슈땅코옹
2025.10.26.
사주풀이 해드릴게요.
후야쪽쪽
2025.10.18.
주술마술미신무속신앙영혼어쩌구
댓글
[1]
현생살자
2025.10.16.
페이징 이동
1
2
3
4
5
전체 카페 글
오늘의
운세
댓글
[4]
2025.10.24.
오늘도 승리의 기운을 이어가요+ 임찬규 선수 별자리
운세
댓글
[6]
2025.10.27.
평생
운세
제대로 보는 법
댓글
[20]
2025.10.27.
여러분..감독님의 무료
운세
를 봤습니다!!!!
댓글
[1]
2025.10.23.
10월 21일 류현진 , 후라도
운세
비교
댓글
[4]
2025.10.21.
페이징 이동
1
2
3
4
5
레몬테라스 [인테리어,리폼,DIY,요리,결혼,육아,커뮤니티]
셀프 집꾸미기,인테리어,리폼,diy,요리,결혼,임신,출산,육아,여성,재테크, 커뮤니티, 생활 전반 카페입니다
멤버
3,015,320
명
카페 가입하기"
디젤매니아,지피티 사주,지피티 사주잘보나요?,텀블러안에 든 커피,2025.08.29.,188.0,https://cafe.naver.com/f-e/cafes/11262350/articles/46172199?boardtype=L&userDisplay=50&referrerAllArticles=true&inCafeSearch=true&query=%EC%A7%80%ED%94%BC%ED%8B%B0%20%EC%82%AC%EC%A3%BC&art=aW50ZXJuYWwtY2FmZS1hcnRpY2xlLXJlYWQtaW5DYWZlLXNlYXJjaC1saXN0.eyJ0eXAiOiJKV1QiLCJhbGciOiJIUzI1NiJ9.eyJjYWZlVHlwZSI6IkNBRkVfSUQiLCJhcnRpY2xlSWQiOjQ2MTcyMTk5LCJpc3N1ZWRBdCI6MTc2MTU1NzYxMTE2OCwiY2FmZUlkIjoxMTI2MjM1MH0.KOr-2UzvCb0D_yGkdd2Af1bznD1c7Og2OGQOpPEhoHo&page=1,"지피티 프롬포트 사주 1 2위하는거로봤는데
만세력캡쳐해서 보니 잘맞는거같은데 해보신분 계시나요?"
디젤매니아,gpt 사주,챗GPT 사주 ... 어떻게 그렇게 잘 맞추나했더니,스페이슾,2025.07.27.,621.0,https://cafe.naver.com/f-e/cafes/11262350/articles/46050579?boardtype=L&userDisplay=50&referrerAllArticles=true&inCafeSearch=true&query=gpt%20%EC%82%AC%EC%A3%BC&art=aW50ZXJuYWwtY2FmZS1hcnRpY2xlLXJlYWQtaW5DYWZlLXNlYXJjaC1saXN0.eyJ0eXAiOiJKV1QiLCJhbGciOiJIUzI1NiJ9.eyJjYWZlVHlwZSI6IkNBRkVfSUQiLCJhcnRpY2xlSWQiOjQ2MDUwNTc5LCJpc3N1ZWRBdCI6MTc2MTU1NzgwOTI3MCwiY2FmZUlkIjoxMTI2MjM1MH0.T24WpqouiUsEZu8GeY9FbWoOrt3A3zr68U2ReS_NvBM&page=1,"성격 같은거
​
어떻게 그렇게 잘 맞추나했더니
​
이전에 내가 챗GPT한테 상담하면서 직접적으로나 간접적으로나 알려줬던 내용(예 : 성격 같은거) 을 통해 다 알고서 말해주는거네요..
​
대충 예상은 했지만..."
디젤매니아,운세,"매일 네이버 띠별,별자리운세 보시는분들 있나요",파오호호우쿰척쿰척,2023.08.08.,146.0,https://cafe.naver.com/f-e/cafes/11262350/articles/42089731?boardtype=L&userDisplay=50&referrerAllArticles=true&inCafeSearch=true&query=%EC%9A%B4%EC%84%B8&art=aW50ZXJuYWwtY2FmZS1hcnRpY2xlLXJlYWQtaW5DYWZlLXNlYXJjaC1saXN0.eyJ0eXAiOiJKV1QiLCJhbGciOiJIUzI1NiJ9.eyJjYWZlVHlwZSI6IkNBRkVfSUQiLCJhcnRpY2xlSWQiOjQyMDg5NzMxLCJpc3N1ZWRBdCI6MTc2MTU4NzE0MjE2MCwiY2FmZUlkIjoxMTI2MjM1MH0.Qx-ZiMh4NVsq4YtI7GCiufAXawqhhZF_9dPHA2YGVnc&page=14,[본문을 찾을 수 없음]
디젤매니아,사주,사주 어때요? 믿을만한가요?,쟤시켜알바니깐,2021.02.11.,353.0,https://cafe.naver.com/f-e/cafes/11262350/articles/33922037?boardtype=L&userDisplay=50&referrerAllArticles=true&inCafeSearch=true&query=%EC%82%AC%EC%A3%BC&art=aW50ZXJuYWwtY2FmZS1hcnRpY2xlLXJlYWQtaW5DYWZlLXNlYXJjaC1saXN0.eyJ0eXAiOiJKV1QiLCJhbGciOiJIUzI1NiJ9.eyJjYWZlVHlwZSI6IkNBRkVfSUQiLCJhcnRpY2xlSWQiOjMzOTIyMDM3LCJpc3N1ZWRBdCI6MTc2MTU2MjE0MjQxOCwiY2FmZUlkIjoxMTI2MjM1MH0.QKAHo6XQerSI4LXOxq6kPIfppvkLAjTE_Hb1SCYhZVo&page=26,"2021년 뭘해도 안되네요
지푸라기 잡는심정으로 사주라도 봐야되나싶습니다
사주 보신분들 어때요?"
레몬테라스,사주,제 사주에 문제 있는걸까요,헤이에슐리,2024.11.30.,242.0,https://cafe.naver.com/f-e/cafes/10298136/articles/32979248?boardtype=L&userDisplay=50&referrerAllArticles=true&inCafeSearch=true&query=%EC%82%AC%EC%A3%BC&art=aW50ZXJuYWwtY2FmZS1hcnRpY2xlLXJlYWQtaW5DYWZlLXNlYXJjaC1saXN0.eyJ0eXAiOiJKV1QiLCJhbGciOiJIUzI1NiJ9.eyJjYWZlVHlwZSI6IkNBRkVfSUQiLCJhcnRpY2xlSWQiOjMyOTc5MjQ4LCJpc3N1ZWRBdCI6MTc2MTYxNDkzNjk0NSwiY2FmZUlkIjoxMDI5ODEzNn0.siB8y_IeIUeho-DabqCT061V2sRX_kkpLy88u6EnsOs&page=9,"지금 ktx타고 이동중인데 기차안이 다 조용해요
그런데 제 옆자리 남자가 타자마자 통화 시작 20여분간 쉬지 않고 떠듬
끝났나 안도하기 무섭게 앞자리(마주보는 좌석임) 부부가 떠들기 시작
진심 제 주위 빼고 다 조용
​
평소에도 지하철을 타면 정신적으로 문제 있거나 주위 산만한 사람이 꼭 내 옆자리 또는 내 주변에 포진
대중교통 진짜 어쩌다 한번 타도 이럼
하다못해 모처럼 뮤지컬 보러가면 무슨 천식환자급 사람이 옆에서 쉬지않고 거친 기침
​
지금은 구조적으로 아니지만 옛날 영화관가면 꼭 좌석 발로 차는 사람 걸림
​
뭐랄까 은근히 시비 거는 사람들이(불특정) 항상 내 주위에 가득한 느낌이랄까.
​
이거 왜 이런거에요
​
이젠 제 대각선 뒷 사람이 통화시작하네요 ㅋ"
레몬테라스,사주,사주 내용요,핫희,2025.02.03.,477.0,https://cafe.naver.com/f-e/cafes/10298136/articles/33252335?boardtype=L&userDisplay=50&referrerAllArticles=true&inCafeSearch=true&query=%EC%82%AC%EC%A3%BC&art=aW50ZXJuYWwtY2FmZS1hcnRpY2xlLXJlYWQtaW5DYWZlLXNlYXJjaC1saXN0.eyJ0eXAiOiJKV1QiLCJhbGciOiJIUzI1NiJ9.eyJjYWZlVHlwZSI6IkNBRkVfSUQiLCJhcnRpY2xlSWQiOjMzMjUyMzM1LCJpc3N1ZWRBdCI6MTc2MTYxNDkyMTc5OSwiY2FmZUlkIjoxMDI5ODEzNn0.xtxUCKN268JfaBhi5ECjHNLMXmGtVEwTAvdNMaPe0EU&page=7,"이말은 무슨말인지. 모르겠어요
무슨뜻 일까요ㅡ"
디젤매니아,운세,4월29일 오늘의 운세,처 음 처 럼,2025.04.29.,307.0,https://cafe.naver.com/f-e/cafes/11262350/articles/45683522?boardtype=L&userDisplay=50&referrerAllArticles=true&inCafeSearch=true&query=%EC%9A%B4%EC%84%B8&art=aW50ZXJuYWwtY2FmZS1hcnRpY2xlLXJlYWQtaW5DYWZlLXNlYXJjaC1saXN0.eyJ0eXAiOiJKV1QiLCJhbGciOiJIUzI1NiJ9.eyJjYWZlVHlwZSI6IkNBRkVfSUQiLCJhcnRpY2xlSWQiOjQ1NjgzNTIyLCJpc3N1ZWRBdCI6MTc2MTU4NzA2MjE3MywiY2FmZUlkIjoxMTI2MjM1MH0.dZbp64MZ5zpTJ0jpygTIa86jTnlnEG7_P_psQQhDp28&page=4,[본문을 찾을 수 없음]
레몬테라스,사주,궁합사주 믿으세요?,레테정인,2024.11.05.,445.0,https://cafe.naver.com/f-e/cafes/10298136/articles/32876457?boardtype=L&userDisplay=50&referrerAllArticles=true&inCafeSearch=true&query=%EC%82%AC%EC%A3%BC&art=aW50ZXJuYWwtY2FmZS1hcnRpY2xlLXJlYWQtaW5DYWZlLXNlYXJjaC1saXN0.eyJ0eXAiOiJKV1QiLCJhbGciOiJIUzI1NiJ9.eyJjYWZlVHlwZSI6IkNBRkVfSUQiLCJhcnRpY2xlSWQiOjMyODc2NDU3LCJpc3N1ZWRBdCI6MTc2MTYxNDk0NDI2OCwiY2FmZUlkIjoxMDI5ODEzNn0.dzLINF4Lu30fyMbfHw1CmJ2FL4OpZZAsRykrqXxVtas&page=10,"궁합사주 믿으세요?
나이가 앞자리 4짜 달기시작하니
사주가 유의미하게 다가오네요……
​
어렸을때는 한 귀로듣고 한 귀로 흘렸는데……
안 본사람 성격을 어쩜 이리도 맞추는지……
​
부정적인 말씀하시는데…… 마음이 무거워지네요
​"
